0.01, 0.00, -0.40
0.01, 0.00, -0.41
0.02, 0.00, -0.40
0.03, 0.00, -0.37
0.03, 0.00, -0.33
0.04, 0.00, -0.27
0.04, 0.00, -0.20
0.05, 0.00, -0.10
0.06, 0.00, -0.01
0.06, 0.00, 0.08
0.07, 0.00, 0.19
0.07, 0.00, 0.26
0.08, 0.00, 0.31
0.09, 0.00, 0.35
0.09, 0.00, 0.37
0.10, 0.00, 0.37
0.11, 0.00, 0.36
0.11, 0.00, 0.33
0.12, 0.00, 0.28
0.13, 0.00, 0.23
0.13, 0.00, 0.16
0.14, 0.00, 0.09
0.14, 0.00, 0.01
0.15, 0.00, -0.05
0.16, 0.00, -0.10
0.16, 0.00, -0.14
0.17, 0.00, -0.18
0.18, 0.00, -0.20
0.18, 0.00, -0.20
0.19, 0.00, -0.19
0.19, 0.00, -0.17
0.20, 0.00, -0.15
0.21, 0.00, -0.12
0.21, 0.00, -0.08
0.22, 0.00, -0.04
0.23, 0.00, -0.00
0.23, 0.00, 0.04
0.24, 0.00, 0.07
0.24, 0.00, 0.10
0.25, 0.00, 0.12
0.26, 0.00, 0.13
0.26, 0.00, 0.12
0.27, 0.00, 0.11
0.28, 0.00, 0.10
0.28, 0.00, 0.08
0.29, 0.00, 0.07
0.29, 0.00, 0.05
0.30, 0.00, 0.04
0.31, 0.00, 0.03
0.31, 0.00, 0.02
0.32, 0.00, 0.01
0.32, 0.00, 0.01
0.33, 0.00, 0.01
0.34, 0.00, 0.01
0.34, 0.00, 0.01
0.35, 0.00, 0.01
0.36, 0.00, 0.01
0.36, 0.00, 0.01
0.37, 0.00, 0.01
0.37, 0.00, 0.01
0.38, 0.00, 0.01
0.39, 0.00, 0.01
0.39, 0.00, 0.01
0.40, 0.00, 0.01
0.41, 0.00, 0.01
0.41, 0.00, 0.00
0.42, 0.00, 0.00
0.42, 0.00, 0.00
0.43, 0.00, 0.00
0.44, 0.00, 0.00
0.44, 0.00, 0.00
0.45, 0.00, 0.00
0.46, 0.00, 0.00
0.46, 0.00, 0.00
0.47, 0.00, 0.00
0.47, 0.00, 0.00
0.48, 0.00, 0.00
0.49, 0.00, 0.00
0.49, 0.00, 0.00
0.50, 0.00, 0.00
0.51, 0.00, 0.00
0.51, 0.00, 0.00
0.52, 0.00, 0.00
0.52, 0.00, 0.00
0.53, 0.00, 0.00
0.54, 0.00, 0.00
0.54, 0.00, 0.00
0.55, 0.00, 0.00
0.56, 0.00, 0.00
0.56, 0.00, 0.00
0.57, 0.00, 0.00
0.57, 0.00, 0.00
0.58, 0.00, 0.00
0.59, 0.00, 0.00
0.59, 0.00, 0.00
0.60, 0.00, 0.00
0.61, 0.00, 0.00
0.61, 0.00, 0.00
0.62, 0.00, 0.00
0.62, 0.00, 0.00
0.63, 0.00, 0.00
0.64, 0.00, 0.00
0.64, 0.00, 0.00
0.65, 0.00, 0.00
0.66, 0.00, 0.00
0.67, 0.00, 0.00
0.67, 0.00, 0.00
0.68, 0.00, 0.00
0.69, 0.00, 0.00
0.69, 0.79, 0.00
0.70, 0.79, 0.00
0.71, 0.79, 0.00
0.71, 0.79, 0.00
0.72, 0.79, 0.00
0.72, 0.79, 0.00
0.73, 0.79, 0.00
0.74, 0.79, 0.01
0.74, 0.79, 0.01
0.75, 0.79, 0.02
0.76, 0.79, 0.04
0.76, 0.79, 0.05
0.77, 0.79, 0.06
0.77, 0.79, 0.07
0.78, 0.79, 0.09
0.79, 0.79, 0.09
0.79, 0.79, 0.10
0.80, 0.79, 0.09
0.81, 0.79, 0.08
0.81, 0.79, 0.09
0.82, 0.79, 0.08
0.83, 0.79, 0.09
0.83, 0.79, 0.09
0.84, 0.79, 0.08
0.84, 0.79, 0.09
0.85, 0.79, 0.09
0.86, 0.79, 0.09
0.86, 0.79, 0.09
0.87, 0.79, 0.09
0.88, 0.79, 0.10
0.88, 0.79, 0.10
0.89, 0.79, 0.10
0.89, 0.79, 0.10
0.90, 0.79, 0.11
0.91, 0.79, 0.12
0.91, 0.79, 0.13
0.92, 0.79, 0.15
0.93, 0.79, 0.18
0.93, 0.79, 0.24
0.94, 0.79, 0.35
0.94, 0.79, 0.46
0.95, 0.79, 0.57
0.96, 0.79, 0.67
0.96, 0.79, 0.75
0.97, 0.79, 0.83
0.98, 0.79, 0.93
0.98, 0.79, 1.00
0.99, 0.79, 1.02
0.99, 0.79, 1.03
1.00, 0.79, 1.02
1.01, 0.79, 1.00
1.01, 0.79, 0.98
1.02, 0.79, 0.95
1.03, 0.79, 0.93
1.03, 0.79, 0.92
1.04, 0.79, 0.92
1.04, 0.79, 0.92
1.05, 0.79, 0.92
1.06, 0.79, 0.92
1.06, 0.79, 0.92
1.07, 0.79, 0.92
1.08, 0.79, 0.91
1.08, 0.79, 0.91
1.09, 0.79, 0.91
1.09, 0.79, 0.90
1.10, 0.79, 0.90
1.11, 0.79, 0.89
1.11, 0.79, 0.89
1.12, 0.79, 0.88
1.13, 0.79, 0.87
1.13, 0.79, 0.87
1.14, 0.79, 0.86
1.14, 0.79, 0.86
1.15, 0.79, 0.86
1.16, 0.79, 0.86
1.16, 0.79, 0.86
1.17, 0.79, 0.86
1.18, 0.79, 0.86
1.18, 0.79, 0.86
1.19, 0.79, 0.86
1.19, 0.79, 0.86
1.20, 0.79, 0.86
1.21, 0.79, 0.86
1.21, 0.79, 0.85
1.22, 0.79, 0.85
1.23, 0.79, 0.85
1.23, 0.79, 0.85
1.24, 0.79, 0.85
1.25, 0.79, 0.85
1.25, 0.79, 0.84
1.26, 0.79, 0.84
1.26, 0.79, 0.83
1.27, 0.79, 0.83
1.28, 0.79, 0.81
1.28, 0.79, 0.80
1.29, 0.79, 0.78
1.30, 0.79, 0.75
1.30, 0.79, 0.72
1.31, 0.79, 0.69
1.31, 0.79, 0.66
1.32, 0.79, 0.65
1.33, 0.79, 0.64
1.34, 0.79, 0.64
1.35, 0.79, 0.65
1.35, 0.79, 0.66
1.36, 0.79, 0.67
1.36, 0.79, 0.69
1.37, 0.79, 0.70
1.38, 0.79, 0.71
1.38, 0.79, 0.73
1.39, 0.79, 0.73
1.40, 0.79, 0.73
1.40, 0.79, 0.72
1.41, 0.79, 0.71
1.41, 0.79, 0.72
1.42, 0.79, 0.71
1.43, 0.79, 0.72
1.43, 0.79, 0.70
1.44, 0.79, 0.70
1.45, 0.79, 0.71
1.45, 0.79, 0.70
1.46, 0.79, 0.70
1.46, 0.79, 0.70
1.47, 0.79, 0.69
1.48, 0.79, 0.69
1.48, 0.79, 0.70
1.49, 0.79, 0.71
1.50, 0.79, 0.73
1.50, 0.79, 0.73
1.51, 0.79, 0.73
1.51, 0.79, 0.73
1.52, 0.79, 0.73
1.53, 0.79, 0.74
1.53, 0.79, 0.75
1.54, 0.79, 0.76
1.55, 0.79, 0.76
1.55, 0.79, 0.76
1.56, 0.79, 0.77
1.56, 0.79, 0.77
1.57, 0.79, 0.78
1.58, 0.79, 0.79
1.58, 0.79, 0.82
1.59, 0.79, 0.84
1.60, 0.79, 0.88
1.60, 0.79, 0.93
1.61, 0.79, 0.98
1.61, 0.79, 0.99
1.62, 0.79, 0.97
1.63, 0.79, 0.96
1.63, 0.79, 0.95
1.64, 0.79, 0.95
1.65, 0.79, 0.96
1.65, 0.79, 0.96
1.66, 0.79, 0.96
1.66, 0.79, 0.96
1.67, 0.79, 0.95
1.68, 0.79, 0.96
1.68, 0.79, 0.96
1.69, 0.79, 0.96
1.70, 0.79, 0.96
1.70, 0.79, 0.96
1.71, 0.79, 0.96
1.71, 0.79, 0.96
1.72, 0.79, 0.95
1.73, 0.79, 0.95
1.73, 0.79, 0.95
1.74, 0.79, 0.95
1.75, 0.79, 0.94
1.75, 0.79, 0.94
1.76, 0.79, 0.93
1.76, 0.79, 0.92
1.77, 0.79, 0.92
1.78, 0.79, 0.91
1.78, 0.79, 0.90
1.79, 0.79, 0.90
1.80, 0.79, 0.89
1.80, 0.79, 0.89
1.81, 0.79, 0.89
1.81, 0.79, 0.89
1.82, 0.79, 0.89
1.83, 0.79, 0.89
1.83, 0.79, 0.89
1.84, 0.79, 0.89
1.85, 0.79, 0.88
1.85, 0.79, 0.88
1.86, 0.79, 0.88
1.86, 0.79, 0.88
1.87, 0.79, 0.88
1.88, 0.79, 0.88
1.88, 0.79, 0.88
1.89, 0.79, 0.88
1.90, 0.79, 0.88
1.90, 0.79, 0.87
1.91, 0.79, 0.87
1.91, 0.79, 0.87
1.92, 0.79, 0.87
1.93, 0.79, 0.87
1.93, 0.79, 0.87
1.94, 0.79, 0.87
1.95, 0.79, 0.87
1.95, 0.79, 0.87
1.96, 0.79, 0.87
1.96, 0.79, 0.87
1.97, 0.79, 0.86
1.98, 0.79, 0.86
1.99, 0.79, 0.86
2.00, 0.79, 0.85
2.00, 0.79, 0.85
2.01, 0.79, 0.84
2.01, 0.79, 0.83
2.02, 0.79, 0.81
2.03, 0.79, 0.78
2.03, 0.79, 0.73
2.04, 0.79, 0.70
2.05, 0.79, 0.66
2.05, 0.79, 0.62
2.06, 0.79, 0.58
2.06, 0.79, 0.52
2.07, 0.79, 0.45
2.08, 0.79, 0.43
2.08, 0.79, 0.42
2.09, 0.79, 0.42
2.10, 0.79, 0.44
2.10, 0.79, 0.45
2.11, 0.79, 0.47
2.11, 0.79, 0.48
2.12, 0.79, 0.49
2.13, 0.79, 0.49
2.13, 0.79, 0.48
2.14, 0.79, 0.48
2.15, 0.79, 0.49
2.15, 0.79, 0.49
2.16, 0.79, 0.49
2.16, 0.79, 0.49
2.17, 0.79, 0.49
2.18, 0.79, 0.49
2.18, 0.79, 0.49
2.19, 0.79, 0.48
2.20, 0.79, 0.49
2.20, 0.79, 0.49
2.21, 0.79, 0.49
2.21, 0.79, 0.49
2.22, 0.79, 0.48
2.23, 0.79, 0.49
2.23, 0.79, 0.50
2.24, 0.79, 0.52
2.25, 0.79, 0.55
2.25, 0.79, 0.54
2.26, 0.79, 0.54
2.26, 0.79, 0.55
2.27, 0.79, 0.54
2.28, 0.79, 0.56
2.28, 0.79, 0.56
2.29, 0.79, 0.56
2.30, 0.79, 0.61
2.30, 0.79, 0.67
2.31, 0.79, 0.72
2.31, 0.79, 0.77
2.32, 0.79, 0.82
2.33, 0.79, 0.88
2.33, 0.79, 0.95
2.34, 0.79, 1.01
2.35, 0.79, 1.01
2.35, 0.79, 0.98
2.36, 0.79, 0.95
2.37, 0.79, 0.93
2.37, 0.79, 0.93
2.38, 0.79, 0.96
2.38, 0.79, 0.98
2.39, 0.79, 0.98
2.40, 0.79, 0.95
2.40, 0.79, 0.94
2.41, 0.79, 0.94
2.42, 0.79, 0.97
2.42, 0.79, 0.98
2.43, 0.79, 0.96
2.43, 0.79, 0.95
2.44, 0.79, 0.95
2.45, 0.79, 0.96
2.45, 0.79, 0.97
2.46, 0.79, 0.97
2.47, 0.79, 0.96
2.47, 0.79, 0.96
2.48, 0.79, 0.95
2.48, 0.79, 0.94
2.49, 0.79, 0.94
2.50, 0.79, 0.95
2.50, 0.79, 0.96
2.51, 0.79, 0.96
2.52, 0.79, 0.97
2.52, 0.79, 0.97
2.53, 0.79, 0.96
2.53, 0.79, 0.96
2.54, 0.79, 0.96
2.55, 0.79, 0.96
2.55, 0.79, 0.96
2.56, 0.79, 0.96
2.56, 0.79, 0.96
2.57, 0.79, 0.95
2.58, 0.79, 0.95
2.58, 0.79, 0.95
2.59, 0.79, 0.94
2.60, 0.79, 0.94
2.60, 0.79, 0.94
2.61, 0.79, 0.93
2.61, 0.79, 0.92
2.62, 0.79, 0.92
2.63, 0.79, 0.91
2.63, 0.79, 0.90
2.64, 0.79, 0.90
2.65, 0.79, 0.89
2.66, 0.79, 0.89
2.66, 0.79, 0.88
2.67, 0.79, 0.88
2.68, 0.79, 0.88
2.68, 0.79, 0.88
2.69, 0.79, 0.88
2.70, 1.57, 0.88
2.70, 1.57, 0.88
2.71, 1.57, 0.88
2.71, 1.57, 0.88
2.72, 1.57, 0.88
2.73, 1.57, 0.88
2.73, 1.57, 0.88
2.74, 1.57, 0.88
2.75, 1.57, 0.88
2.75, 1.57, 0.88
2.76, 1.57, 0.89
2.76, 1.57, 0.89
2.77, 1.57, 0.89
2.78, 1.57, 0.89
2.78, 1.57, 0.89
2.79, 1.57, 0.89
2.80, 1.57, 0.90
2.80, 1.57, 0.91
2.81, 1.57, 0.91
2.81, 1.57, 0.92
2.82, 1.57, 0.93
2.83, 1.57, 0.94
2.83, 1.57, 0.96
2.84, 1.57, 0.96
2.85, 1.57, 0.96
2.85, 1.57, 0.96
2.86, 1.57, 0.96
2.86, 1.57, 0.96
2.87, 1.57, 0.96
2.88, 1.57, 0.96
2.88, 1.57, 0.96
2.89, 1.57, 0.97
2.90, 1.57, 0.96
2.90, 1.57, 0.96
2.91, 1.57, 0.97
2.91, 1.57, 0.97
2.92, 1.57, 0.98
2.93, 1.57, 0.97
2.93, 1.57, 0.97
2.94, 1.57, 0.98
2.95, 1.57, 0.98
2.95, 1.57, 0.99
2.96, 1.57, 0.99
2.96, 1.57, 0.98
2.97, 1.57, 0.99
2.98, 1.57, 0.98
2.98, 1.57, 0.98
2.99, 1.57, 0.99
3.00, 1.57, 0.99
3.00, 1.57, 0.99
3.01, 1.57, 0.98
3.01, 1.57, 0.98
3.02, 1.57, 0.98
3.03, 1.57, 0.97
3.03, 1.57, 0.98
3.04, 1.57, 0.99
3.05, 1.57, 0.98
3.05, 1.57, 0.99
3.06, 1.57, 0.99
3.06, 1.57, 0.98
3.07, 1.57, 0.98
3.08, 1.57, 0.97
3.08, 1.57, 0.98
3.09, 1.57, 0.99
3.10, 1.57, 0.98
3.10, 1.57, 0.98
3.11, 1.57, 0.98
3.11, 1.57, 0.98
3.12, 1.57, 0.99
3.13, 1.57, 1.00
3.13, 1.57, 1.00
3.14, 1.57, 1.00
3.15, 1.57, 1.01
3.15, 1.57, 1.02
3.16, 1.57, 1.04
3.16, 1.57, 1.09
3.17, 1.57, 1.22
3.18, 1.57, 1.33
3.18, 1.57, 1.42
3.19, 1.57, 1.50
3.20, 1.57, 1.59
3.20, 1.57, 1.68
3.21, 1.57, 1.77
3.21, 1.57, 1.86
3.22, 1.57, 1.95
3.23, 1.57, 2.02
3.23, 1.57, 2.14
3.24, 1.57, 2.26
3.25, 1.57, 2.35
3.25, 1.57, 2.41
3.26, 1.57, 2.47
3.26, 1.57, 2.53
3.27, 1.57, 2.59
3.28, 1.57, 2.63
3.28, 1.57, 2.66
3.29, 1.57, 2.69
3.30, 1.57, 2.72
3.30, 1.57, 2.73
3.31, 1.57, 2.73
3.32, 1.57, 2.72
3.33, 1.57, 2.71
3.33, 1.57, 2.69
3.34, 1.57, 2.67
3.35, 1.57, 2.66
3.35, 1.57, 2.64
3.36, 1.57, 2.62
3.37, 1.57, 2.57
3.37, 1.57, 2.53
3.38, 1.57, 2.48
3.38, 1.57, 2.40
3.39, 1.57, 2.33
3.40, 1.57, 2.26
3.40, 1.57, 2.21
3.41, 1.57, 2.19
3.42, 1.57, 2.19
3.42, 1.57, 2.20
3.43, 1.57, 2.25
3.43, 1.57, 2.27
3.44, 1.57, 2.27
3.45, 1.57, 2.25
3.45, 1.57, 2.24
3.46, 1.57, 2.22
3.47, 1.57, 2.22
3.47, 1.57, 2.22
3.48, 1.57, 2.23
3.48, 1.57, 2.24
3.49, 1.57, 2.25
3.50, 1.57, 2.24
3.50, 1.57, 2.24
3.51, 1.57, 2.23
3.52, 1.57, 2.23
3.52, 1.57, 2.22
3.53, 1.57, 2.23
3.53, 1.57, 2.22
3.54, 1.57, 2.22
3.55, 1.57, 2.21
3.55, 1.57, 2.19
3.56, 1.57, 2.18
3.57, 1.57, 2.18
3.57, 1.57, 2.18
3.58, 1.57, 2.18
3.58, 1.57, 2.17
3.59, 1.57, 2.16
3.60, 1.57, 2.14
3.60, 1.57, 2.10
3.61, 1.57, 1.97
3.62, 1.57, 1.82
3.62, 1.57, 1.68
3.63, 1.57, 1.52
3.63, 1.57, 1.32
3.64, 1.57, 1.20
3.65, 1.57, 1.09
3.65, 1.57, 0.95
3.66, 1.57, 0.79
3.67, 1.57, 0.68
3.67, 1.57, 0.53
3.68, 1.57, 0.35
3.68, 1.57, 0.24
3.69, 1.57, 0.14
3.70, 1.57, 0.01
3.70, 1.57, -0.09
3.71, 1.57, -0.16
3.72, 1.57, -0.23
3.72, 1.57, -0.25
3.73, 1.57, -0.25
3.73, 1.57, -0.23
3.74, 1.57, -0.20
3.75, 1.57, -0.17
3.75, 1.57, -0.14
3.76, 1.57, -0.10
3.77, 1.57, -0.05
3.77, 1.57, -0.00
3.78, 1.57, 0.09
3.78, 1.57, 0.17
3.79, 1.57, 0.25
3.80, 1.57, 0.38
3.80, 1.57, 0.49
3.81, 1.57, 0.63
3.82, 1.57, 0.74
3.82, 1.57, 0.84
3.83, 1.57, 0.95
3.83, 1.57, 1.04
3.84, 1.57, 1.11
3.85, 1.57, 1.21
3.85, 1.57, 1.36
3.86, 1.57, 1.46
3.87, 1.57, 1.54
3.87, 1.57, 1.60
3.88, 1.57, 1.67
3.88, 1.57, 1.71
3.89, 1.57, 1.76
3.90, 1.57, 1.81
3.90, 1.57, 1.85
3.91, 1.57, 1.88
3.92, 1.57, 1.90
3.92, 1.57, 1.91
3.93, 1.57, 1.87
3.93, 1.57, 1.86
3.94, 1.57, 1.86
3.95, 1.57, 1.85
3.95, 1.57, 1.85
3.96, 1.57, 1.85
3.97, 1.57, 1.85
3.98, 1.57, 1.86
3.98, 1.57, 1.86
3.99, 1.57, 1.86
4.00, 1.57, 1.85
4.00, 1.57, 1.85
4.01, 1.57, 1.85
4.02, 1.57, 1.85
4.02, 1.57, 1.85
4.03, 1.57, 1.84
4.03, 1.57, 1.83
4.04, 1.57, 1.83
4.05, 1.57, 1.82
4.05, 1.57, 1.81
4.06, 1.57, 1.80
4.07, 1.57, 1.79
4.07, 1.57, 1.78
4.08, 1.57, 1.77
4.08, 1.57, 1.76
4.09, 1.57, 1.76
4.10, 1.57, 1.76
4.10, 1.57, 1.76
4.11, 1.57, 1.76
4.12, 1.57, 1.76
4.12, 1.57, 1.76
4.13, 1.57, 1.76
4.13, 1.57, 1.75
4.14, 1.57, 1.75
4.15, 1.57, 1.75
4.15, 1.57, 1.76
4.16, 1.57, 1.76
4.17, 1.57, 1.76
4.17, 1.57, 1.76
4.18, 1.57, 1.76
4.18, 1.57, 1.76
4.19, 1.57, 1.77
4.20, 1.57, 1.76
4.20, 1.57, 1.76
4.21, 1.57, 1.76
4.22, 1.57, 1.76
4.22, 1.57, 1.76
4.23, 1.57, 1.76
4.23, 1.57, 1.76
4.24, 1.57, 1.76
4.25, 1.57, 1.76
4.25, 1.57, 1.77
4.26, 1.57, 1.77
4.27, 1.57, 1.77
4.27, 1.57, 1.78
4.28, 1.57, 1.77
4.28, 1.57, 1.77
4.29, 1.57, 1.77
4.30, 1.57, 1.77
4.30, 1.57, 1.76
4.31, 1.57, 1.76
4.32, 1.57, 1.75
4.32, 1.57, 1.74
4.33, 1.57, 1.71
4.33, 1.57, 1.69
4.34, 1.57, 1.65
4.35, 1.57, 1.62
4.35, 1.57, 1.59
4.36, 1.57, 1.55
4.37, 1.57, 1.48
4.37, 1.57, 1.43
4.38, 1.57, 1.39
4.38, 1.57, 1.35
4.39, 1.57, 1.33
4.40, 1.57, 1.32
4.40, 1.57, 1.33
4.41, 1.57, 1.34
4.42, 1.57, 1.35
4.42, 1.57, 1.37
4.43, 1.57, 1.38
4.43, 1.57, 1.38
4.44, 1.57, 1.37
4.45, 1.57, 1.36
4.45, 1.57, 1.35
4.46, 1.57, 1.35
4.47, 1.57, 1.36
4.47, 1.57, 1.37
4.48, 1.57, 1.37
4.48, 1.57, 1.38
4.49, 1.57, 1.36
4.50, 1.57, 1.34
4.50, 1.57, 1.34
4.51, 1.57, 1.35
4.52, 1.57, 1.36
4.52, 1.57, 1.37
4.53, 1.57, 1.37
4.53, 1.57, 1.36
4.54, 1.57, 1.35
4.55, 1.57, 1.35
4.55, 1.57, 1.36
4.56, 1.57, 1.36
4.57, 1.57, 1.37
4.57, 1.57, 1.36
4.58, 1.57, 1.34
4.59, 1.57, 1.34
4.59, 1.57, 1.36
4.60, 1.57, 1.37
4.60, 1.57, 1.38
4.61, 1.57, 1.37
4.62, 1.57, 1.35
4.62, 1.57, 1.35
4.63, 1.57, 1.37
4.64, 1.57, 1.38
4.65, 1.57, 1.35
4.65, 1.57, 1.34
4.66, 1.57, 1.33
4.67, 1.57, 1.34
4.67, 1.57, 1.35
4.68, 1.57, 1.36
4.69, 1.57, 1.37
4.69, 1.57, 1.36
4.70, 1.57, 1.35
4.70, 3.14, 1.33
4.71, 3.14, 1.34
4.72, 3.14, 1.35
4.72, 3.14, 1.35
4.73, 3.14, 1.35
4.74, 3.14, 1.34
4.74, 3.14, 1.33
4.75, 3.14, 1.33
4.75, 3.14, 1.33
4.76, 3.14, 1.35
4.77, 3.14, 1.36
4.77, 3.14, 1.39
4.78, 3.14, 1.44
4.79, 3.14, 1.49
4.79, 3.14, 1.59
4.80, 3.14, 1.68
4.80, 3.14, 1.77
4.81, 3.14, 1.90
4.82, 3.14, 2.00
4.82, 3.14, 2.15
4.83, 3.14, 2.36
4.84, 3.14, 2.47
4.84, 3.14, 2.56
4.85, 3.14, 2.65
4.85, 3.14, 2.75
4.86, 3.14, 2.84
4.87, 3.14, 2.89
4.87, 3.14, 2.95
4.88, 3.14, 3.09
4.89, 3.14, 3.21
4.89, 3.14, 3.29
4.90, 3.14, 3.32
4.90, 3.14, 3.33
4.91, 3.14, 3.35
4.92, 3.14, 3.36
4.92, 3.14, 3.36
4.93, 3.14, 3.36
4.94, 3.14, 3.36
4.94, 3.14, 3.35
4.95, 3.14, 3.34
4.95, 3.14, 3.33
4.96, 3.14, 3.31
4.97, 3.14, 3.28
4.97, 3.14, 3.22
4.98, 3.14, 3.13
4.99, 3.14, 3.09
4.99, 3.14, 3.10
5.00, 3.14, 3.13
5.00, 3.14, 3.15
5.01, 3.14, 3.16
5.02, 3.14, 3.17
5.02, 3.14, 3.16
5.03, 3.14, 3.14
5.04, 3.14, 3.14
5.04, 3.14, 3.14
5.05, 3.14, 3.14
5.05, 3.14, 3.14
5.06, 3.14, 3.14
5.07, 3.14, 3.14
5.07, 3.14, 3.14
5.08, 3.14, 3.14
5.09, 3.14, 3.14
5.09, 3.14, 3.14
5.10, 3.14, 3.14
5.10, 3.14, 3.14
5.11, 3.14, 3.14
5.12, 3.14, 3.14
5.12, 3.14, 3.14
5.13, 3.14, 3.13
5.14, 3.14, 3.14
5.14, 3.14, 3.14
5.15, 3.14, 3.14
5.15, 3.14, 3.14
5.16, 3.14, 3.14
5.17, 3.14, 3.14
5.17, 3.14, 3.14
5.18, 3.14, 3.14
5.19, 3.14, 3.14
5.19, 3.14, 3.14
5.20, 3.14, 3.13
5.20, 3.14, 3.13
5.21, 3.14, 3.13
5.22, 3.14, 3.14
5.22, 3.14, 3.14
5.23, 3.14, 3.14
5.24, 3.14, 3.14
5.24, 3.14, 3.14
5.25, 3.14, 3.13
5.25, 3.14, 3.13
5.26, 3.14, 3.12
5.27, 3.14, 3.12
5.27, 3.14, 3.12
5.28, 3.14, 3.13
5.29, 3.14, 3.14
5.29, 3.14, 3.13
5.30, 3.14, 3.12
5.31, 3.14, 3.14
5.32, 3.14, 3.15
5.32, 3.14, 3.15
5.33, 3.14, 3.13
5.34, 3.14, 3.12
5.34, 3.14, 3.12
5.35, 3.14, 3.13
5.35, 3.14, 3.13
5.36, 3.14, 3.12
5.37, 3.14, 3.11
5.37, 3.14, 3.12
5.38, 3.14, 3.14
5.39, 3.14, 3.16
5.39, 3.14, 3.14
5.40, 3.14, 3.12
5.40, 3.14, 3.11
5.41, 3.14, 3.13
5.42, 3.14, 3.14
5.42, 3.14, 3.14
5.43, 3.14, 3.14
5.44, 3.14, 3.13
5.44, 3.14, 3.12
5.45, 3.14, 3.12
5.45, 3.14, 3.12
5.46, 3.14, 3.12
5.47, 3.14, 3.13
5.47, 3.14, 3.13
5.48, 3.14, 3.12
5.49, 3.14, 3.12
5.49, 3.14, 3.12
5.50, 3.14, 3.13
5.50, 3.14, 3.14
5.51, 3.14, 3.12
5.52, 3.14, 3.12
5.52, 3.14, 3.12
5.53, 3.14, 3.14
5.54, 3.14, 3.15
5.54, 3.14, 3.14
5.55, 3.14, 3.12
5.55, 3.14, 3.11
5.56, 3.14, 3.12
5.57, 3.14, 3.15
5.57, 3.14, 3.15
5.58, 3.14, 3.13
5.59, 3.14, 3.12
5.59, 3.14, 3.12
5.60, 3.14, 3.12
5.60, 3.14, 3.13
5.61, 3.14, 3.13
5.62, 3.14, 3.13
5.62, 3.14, 3.13
5.63, 3.14, 3.13
5.64, 3.14, 3.13
5.64, 3.14, 3.13
5.65, 3.14, 3.13
5.65, 3.14, 3.13
5.66, 3.14, 3.12
5.67, 3.14, 3.13
5.67, 3.14, 3.13
5.68, 3.14, 3.11
5.69, 3.14, 3.12
5.69, 3.14, 3.14
5.70, 3.14, 3.15
5.70, 3.14, 3.15
5.71, 3.14, 3.12
5.72, 3.14, 3.11
5.72, 3.14, 3.12
5.73, 3.14, 3.14
5.74, 3.14, 3.15
5.74, 3.14, 3.12
5.75, 3.14, 3.11
5.75, 3.14, 3.12
5.76, 3.14, 3.14
5.77, 3.14, 3.15
5.77, 3.14, 3.14
5.78, 3.14, 3.11
5.79, 3.14, 3.11
5.79, 3.14, 3.13
5.80, 3.14, 3.14
5.80, 3.14, 3.15
5.81, 3.14, 3.12
5.82, 3.14, 3.12
5.82, 3.14, 3.12
5.83, 3.14, 3.13
5.84, 3.14, 3.14
5.84, 3.14, 3.14
5.85, 3.14, 3.13
5.86, 3.14, 3.13
5.86, 3.14, 3.13
5.87, 3.14, 3.14
5.87, 3.14, 3.14
5.88, 3.14, 3.14
5.89, 3.14, 3.13
5.89, 3.14, 3.13
5.90, 3.14, 3.13
5.91, 3.14, 3.14
5.91, 3.14, 3.14
5.92, 3.14, 3.14
5.92, 3.14, 3.13
5.93, 3.14, 3.13
5.94, 3.14, 3.14
5.94, 3.14, 3.14
5.95, 3.14, 3.14
5.96, 3.14, 3.14
5.97, 3.14, 3.14
5.97, 3.14, 3.14
5.98, 3.14, 3.14
5.99, 3.14, 3.14
5.99, 3.14, 3.13
6.00, 3.14, 3.13
6.01, 3.14, 3.14
6.01, 3.14, 3.14
6.02, 3.14, 3.14
6.02, 3.14, 3.14
6.03, 3.14, 3.13
6.04, 3.14, 3.14
6.04, 3.14, 3.14
6.05, 3.14, 3.14
6.06, 3.14, 3.14
6.06, 3.14, 3.14
6.07, 3.14, 3.14
6.07, 3.14, 3.14
6.08, 3.14, 3.13
6.09, 3.14, 3.14
6.09, 3.14, 3.13
6.10, 3.14, 3.13
6.11, 3.14, 3.13
6.11, 3.14, 3.13
6.12, 3.14, 3.13
6.12, 3.14, 3.13
6.13, 3.14, 3.13
6.14, 3.14, 3.13
6.14, 3.14, 3.13
6.15, 3.14, 3.13
6.16, 3.14, 3.13
6.16, 3.14, 3.13
6.17, 3.14, 3.13
6.17, 3.14, 3.13
6.18, 3.14, 3.13
6.19, 3.14, 3.13
6.19, 3.14, 3.13
6.20, 3.14, 3.13
6.21, 3.14, 3.13
6.21, 3.14, 3.13
6.22, 3.14, 3.13
6.22, 3.14, 3.13
6.23, 3.14, 3.13
6.24, 3.14, 3.13
6.24, 3.14, 3.12
6.25, 3.14, 3.12
6.26, 3.14, 3.12
6.26, 3.14, 3.12
6.27, 3.14, 3.12
6.27, 3.14, 3.12
6.28, 3.14, 3.12
6.29, 3.14, 3.11
6.29, 3.14, 3.11
6.30, 3.14, 3.10
6.31, 3.14, 3.10
6.31, 3.14, 3.09
6.32, 3.14, 3.08
6.32, 3.14, 3.06
6.33, 3.14, 3.03
6.34, 3.14, 2.99
6.34, 3.14, 2.87
6.35, 3.14, 2.73
6.36, 3.14, 2.61
6.36, 3.14, 2.48
6.37, 3.14, 2.32
6.37, 3.14, 2.18
6.38, 3.14, 2.09
6.39, 3.14, 2.04
6.39, 3.14, 1.99
6.40, 3.14, 1.95
6.41, 3.14, 1.89
6.41, 3.14, 1.86
6.42, 3.14, 1.83
6.42, 3.14, 1.82
6.43, 3.14, 1.85
6.44, 3.14, 1.86
6.44, 3.14, 1.87
6.45, 3.14, 1.88
6.46, 3.14, 1.89
6.46, 3.14, 1.90
6.47, 3.14, 1.93
6.47, 3.14, 1.98
6.48, 3.14, 2.09
6.49, 3.14, 2.23
6.49, 3.14, 2.38
6.50, 3.14, 2.52
6.51, 3.14, 2.64
6.51, 3.14, 2.80
6.52, 3.14, 2.94
6.52, 3.14, 3.09
6.53, 3.14, 3.24
6.54, 3.14, 3.34
6.54, 3.14, 3.47
6.55, 3.14, 3.56
6.56, 3.14, 3.65
6.56, 3.14, 3.71
6.57, 3.14, 3.72
6.57, 3.14, 3.71
6.58, 3.14, 3.68
6.59, 3.14, 3.63
6.59, 3.14, 3.60
6.60, 3.14, 3.58
6.61, 3.14, 3.56
6.61, 3.14, 3.55
6.62, 3.14, 3.54
6.63, 3.14, 3.52
6.64, 3.14, 3.52
6.64, 3.14, 3.51
6.65, 3.14, 3.50
6.66, 3.14, 3.48
6.66, 3.14, 3.45
6.67, 3.14, 3.43
6.67, 3.14, 3.39
6.68, 3.14, 3.36
6.69, 3.14, 3.32
6.69, 3.14, 3.30
6.70, 3.14, 3.27
6.71, -0.79, 3.25
6.71, -0.79, 3.23
6.72, -0.79, 3.20
6.72, -0.79, 3.17
6.73, -0.79, 3.12
6.74, -0.79, 3.10
6.74, -0.79, 3.10
6.75, -0.79, 3.10
6.76, -0.79, 3.12
6.76, -0.79, 3.14
6.77, -0.79, 3.15
6.77, -0.79, 3.15
6.78, -0.79, 3.14
6.79, -0.79, 3.12
6.79, -0.79, 3.10
6.80, -0.79, 3.08
6.81, -0.79, 3.03
6.81, -0.79, 2.92
6.82, -0.79, 2.81
6.82, -0.79, 2.66
6.83, -0.79, 2.51
6.84, -0.79, 2.35
6.84, -0.79, 2.18
6.85, -0.79, 2.02
6.86, -0.79, 1.81
6.86, -0.79, 1.63
6.87, -0.79, 1.44
6.87, -0.79, 1.27
6.88, -0.79, 1.09
6.89, -0.79, 0.92
6.89, -0.79, 0.74
6.90, -0.79, 0.56
6.91, -0.79, 0.38
6.91, -0.79, 0.25
6.92, -0.79, 0.10
6.92, -0.79, -0.06
6.93, -0.79, -0.24
6.94, -0.79, -0.37
6.94, -0.79, -0.50
6.95, -0.79, -0.58
6.96, -0.79, -0.66
6.96, -0.79, -0.74
6.97, -0.79, -0.85
6.97, -0.79, -0.93
6.98, -0.79, -0.99
6.99, -0.79, -1.02
6.99, -0.79, -1.04
7.00, -0.79, -1.04
7.01, -0.79, -1.04
7.01, -0.79, -1.01
7.02, -0.79, -0.98
7.02, -0.79, -0.93
7.03, -0.79, -0.86
7.04, -0.79, -0.81
7.04, -0.79, -0.79
7.05, -0.79, -0.79
7.06, -0.79, -0.81
7.06, -0.79, -0.82
7.07, -0.79, -0.84
7.08, -0.79, -0.84
7.08, -0.79, -0.84
7.09, -0.79, -0.84
7.09, -0.79, -0.85
7.10, -0.79, -0.85
7.11, -0.79, -0.86
7.11, -0.79, -0.86
7.12, -0.79, -0.86
7.13, -0.79, -0.85
7.13, -0.79, -0.85
7.14, -0.79, -0.85
7.14, -0.79, -0.84
7.15, -0.79, -0.84
7.16, -0.79, -0.84
7.16, -0.79, -0.84
7.17, -0.79, -0.84
7.18, -0.79, -0.83
7.18, -0.79, -0.83
7.19, -0.79, -0.83
7.19, -0.79, -0.83
7.20, -0.79, -0.83
7.21, -0.79, -0.82
7.21, -0.79, -0.82
7.22, -0.79, -0.82
7.23, -0.79, -0.82
7.23, -0.79, -0.82
7.24, -0.79, -0.81
7.24, -0.79, -0.81
7.25, -0.79, -0.80
7.26, -0.79, -0.79
7.26, -0.79, -0.76
7.27, -0.79, -0.72
7.28, -0.79, -0.62
7.28, -0.79, -0.48
7.29, -0.79, -0.22
7.30, -0.79, -0.10
7.31, -0.79, -0.00
7.31, -0.79, 0.10
7.32, -0.79, 0.14
7.33, -0.79, 0.15
7.33, -0.79, 0.14
7.34, -0.79, 0.12
7.34, -0.79, 0.07
7.35, -0.79, 0.03
7.36, -0.79, 0.01
7.36, -0.79, 0.00
7.37, -0.79, 0.00
7.38, -0.79, 0.00
7.38, -0.79, 0.00
7.39, -0.79, 0.00
7.39, -0.79, 0.00
7.40, -0.79, 0.00
7.41, -0.79, 0.00
7.41, -0.79, -0.02
7.42, -0.79, -0.03
7.43, -0.79, -0.03
7.43, -0.79, -0.04
7.44, -0.79, -0.05
7.44, -0.79, -0.07
7.45, -0.79, -0.10
7.46, -0.79, -0.14
7.46, -0.79, -0.19
7.47, -0.79, -0.26
7.48, -0.79, -0.33
7.48, -0.79, -0.43
7.49, -0.79, -0.52
7.49, -0.79, -0.54
7.50, -0.79, -0.52
7.51, -0.79, -0.48
7.51, -0.79, -0.44
7.52, -0.79, -0.42
7.53, -0.79, -0.43
7.53, -0.79, -0.45
7.54, -0.79, -0.46
7.54, -0.79, -0.46
7.55, -0.79, -0.45
7.56, -0.79, -0.45
7.56, -0.79, -0.46
7.57, -0.79, -0.45
7.58, -0.79, -0.45
7.58, -0.79, -0.45
7.59, -0.79, -0.45
7.59, -0.79, -0.45
7.60, -0.79, -0.45
7.61, -0.79, -0.45
7.61, -0.79, -0.44
7.62, -0.79, -0.44
7.63, -0.79, -0.46
7.63, -0.79, -0.47
7.64, -0.79, -0.46
7.64, -0.79, -0.45
7.65, -0.79, -0.43
7.66, -0.79, -0.43
7.66, -0.79, -0.48
7.67, -0.79, -0.48
7.68, -0.79, -0.47
7.68, -0.79, -0.45
7.69, -0.79, -0.43
7.69, -0.79, -0.43
7.70, -0.79, -0.43
7.71, -0.79, -0.44
7.71, -0.79, -0.45
7.72, -0.79, -0.45
7.73, -0.79, -0.45
7.73, -0.79, -0.44
7.74, -0.79, -0.44
7.74, -0.79, -0.44
7.75, -0.79, -0.44
7.76, -0.79, -0.45
7.76, -0.79, -0.45
7.77, -0.79, -0.45
7.78, -0.79, -0.45
7.78, -0.79, -0.45
7.79, -0.79, -0.45
7.79, -0.79, -0.46
7.80, -0.79, -0.46
7.81, -0.79, -0.46
7.81, -0.79, -0.47
7.82, -0.79, -0.47
7.83, -0.79, -0.48
7.83, -0.79, -0.50
7.84, -0.79, -0.52
7.84, -0.79, -0.56
7.85, -0.79, -0.64
7.86, -0.79, -0.77
7.86, -0.79, -0.93
7.87, -0.79, -1.06
7.88, -0.79, -1.20
7.88, -0.79, -1.42
7.89, -0.79, -1.55
7.89, -0.79, -1.69
7.90, -0.79, -1.84
7.91, -0.79, -1.98
7.91, -0.79, -2.08
7.92, -0.79, -2.15
7.93, -0.79, -2.20
7.93, -0.79, -2.21
7.94, -0.79, -2.21
7.94, -0.79, -2.18
7.96, -0.79, -2.05
7.96, -0.79, -1.97
7.97, -0.79, -1.91
7.98, -0.79, -1.81
7.98, -0.79, -1.70
7.99, -0.79, -1.64
7.99, -0.79, -1.56
8.00, -0.79, -1.45
8.01, -0.79, -1.31
8.01, -0.79, -1.19
8.02, -0.79, -1.09
8.03, -0.79, -0.98
8.03, -0.79, -0.86
8.04, -0.79, -0.78
8.04, -0.79, -0.74
8.05, -0.79, -0.73
8.06, -0.79, -0.72
8.06, -0.79, -0.72
8.07, -0.79, -0.72
8.08, -0.79, -0.74
8.08, -0.79, -0.77
8.09, -0.79, -0.80
8.09, -0.79, -0.83
8.10, -0.79, -0.87
8.11, -0.79, -0.89
8.11, -0.79, -0.87
8.12, -0.79, -0.85
8.13, -0.79, -0.82
8.13, -0.79, -0.81
8.14, -0.79, -0.84
8.14, -0.79, -0.84
8.15, -0.79, -0.86
8.16, -0.79, -0.86
8.16, -0.79, -0.84
8.17, -0.79, -0.84
8.18, -0.79, -0.83
8.18, -0.79, -0.83
8.19, -0.79, -0.84
8.19, -0.79, -0.83
8.20, -0.79, -0.85
8.21, -0.79, -0.85
8.21, -0.79, -0.84
8.22, -0.79, -0.85
8.23, -0.79, -0.84
8.23, -0.79, -0.85
8.24, -0.79, -0.85
8.24, -0.79, -0.84
8.25, -0.79, -0.84
8.26, -0.79, -0.84
8.26, -0.79, -0.84
8.27, -0.79, -0.84
8.28, -0.79, -0.84
8.28, -0.79, -0.85
8.29, -0.79, -0.86
8.29, -0.79, -0.85
8.30, -0.79, -0.84
8.31, -0.79, -0.84
8.31, -0.79, -0.83
8.32, -0.79, -0.83
8.33, -0.79, -0.84
8.33, -0.79, -0.85
8.34, -0.79, -0.85
8.35, -0.79, -0.83
8.35, -0.79, -0.83
8.36, -0.79, -0.83
8.36, -0.79, -0.85
8.37, -0.79, -0.87
8.38, -0.79, -0.85
8.38, -0.79, -0.84
8.39, -0.79, -0.82
8.40, -0.79, -0.84
8.40, -0.79, -0.85
8.41, -0.79, -0.86
8.41, -0.79, -0.87
8.42, -0.79, -0.86
8.43, -0.79, -0.84
8.43, -0.79, -0.82
8.44, -0.79, -0.81
8.45, -0.79, -0.83
8.45, -0.79, -0.85
8.46, -0.79, -0.86
8.46, -0.79, -0.85
8.47, -0.79, -0.83
8.48, -0.79, -0.84
8.48, -0.79, -0.85
8.49, -0.79, -0.84
8.50, -0.79, -0.85
8.50, -0.79, -0.85
8.51, -0.79, -0.85
8.51, -0.79, -0.85
8.52, -0.79, -0.84
8.53, -0.79, -0.85
8.53, -0.79, -0.85
8.54, -0.79, -0.83
8.55, -0.79, -0.84
8.55, -0.79, -0.84
8.56, -0.79, -0.84
8.56, -0.79, -0.85
8.57, -0.79, -0.84
8.58, -0.79, -0.83
8.58, -0.79, -0.83
8.59, -0.79, -0.82
8.60, -0.79, -0.82
8.60, -0.79, -0.84
8.61, -0.79, -0.84
8.62, -0.79, -0.84
8.63, -0.79, -0.83
8.63, -0.79, -0.83
8.64, -0.79, -0.82
8.65, -0.79, -0.83
8.65, -0.79, -0.83
8.66, -0.79, -0.83
8.66, -0.79, -0.84
8.67, -0.79, -0.83
8.68, -0.79, -0.84
8.68, -0.79, -0.83
8.69, -0.79, -0.81
8.70, -0.79, -0.82
8.70, -0.79, -0.83
8.71, 0.00, -0.83
8.71, 0.00, -0.83
8.72, 0.00, -0.82
8.73, 0.00, -0.82
8.73, 0.00, -0.82
8.74, 0.00, -0.82
8.75, 0.00, -0.82
8.75, 0.00, -0.82
8.76, 0.00, -0.82
8.76, 0.00, -0.82
8.77, 0.00, -0.83
8.78, 0.00, -0.83
8.78, 0.00, -0.83
8.79, 0.00, -0.82
8.80, 0.00, -0.82
8.80, 0.00, -0.82
8.81, 0.00, -0.82
8.81, 0.00, -0.83
8.82, 0.00, -0.82
8.83, 0.00, -0.82
8.83, 0.00, -0.81
8.84, 0.00, -0.80
8.85, 0.00, -0.79
8.85, 0.00, -0.76
8.86, 0.00, -0.68
8.86, 0.00, -0.55
8.87, 0.00, -0.44
8.88, 0.00, -0.34
8.88, 0.00, -0.23
8.89, 0.00, -0.16
8.90, 0.00, -0.08
8.90, 0.00, -0.00
8.91, 0.00, 0.11
8.91, 0.00, 0.17
8.92, 0.00, 0.24
8.93, 0.00, 0.36
8.93, 0.00, 0.52
8.94, 0.00, 0.62
8.95, 0.00, 0.72
8.95, 0.00, 0.79
8.96, 0.00, 0.85
8.96, 0.00, 0.90
8.97, 0.00, 0.93
8.98, 0.00, 0.96
8.98, 0.00, 0.97
8.99, 0.00, 0.97
9.00, 0.00, 0.96
9.00, 0.00, 0.94
9.01, 0.00, 0.91
9.02, 0.00, 0.88
9.02, 0.00, 0.86
9.03, 0.00, 0.83
9.03, 0.00, 0.80
9.04, 0.00, 0.74
9.05, 0.00, 0.67
9.05, 0.00, 0.59
9.06, 0.00, 0.50
9.07, 0.00, 0.43
9.07, 0.00, 0.38
9.08, 0.00, 0.38
9.08, 0.00, 0.42
9.09, 0.00, 0.44
9.10, 0.00, 0.45
9.10, 0.00, 0.46
9.11, 0.00, 0.45
9.12, 0.00, 0.43
9.12, 0.00, 0.42
9.13, 0.00, 0.43
9.13, 0.00, 0.44
9.14, 0.00, 0.45
9.15, 0.00, 0.45
9.15, 0.00, 0.44
9.16, 0.00, 0.44
9.17, 0.00, 0.44
9.17, 0.00, 0.44
9.18, 0.00, 0.44
9.18, 0.00, 0.44
9.19, 0.00, 0.44
9.20, 0.00, 0.44
9.20, 0.00, 0.44
9.21, 0.00, 0.44
9.22, 0.00, 0.44
9.22, 0.00, 0.43
9.23, 0.00, 0.43
9.23, 0.00, 0.43
9.24, 0.00, 0.43
9.25, 0.00, 0.42
9.25, 0.00, 0.42
9.26, 0.00, 0.41
9.27, 0.00, 0.41
9.27, 0.00, 0.40
9.28, 0.00, 0.39
9.29, 0.00, 0.37
9.30, 0.00, 0.35
9.30, 0.00, 0.30
9.31, 0.00, 0.17
9.32, 0.00, 0.01
9.32, 0.00, -0.11
9.33, 0.00, -0.26
9.33, 0.00, -0.39
9.34, 0.00, -0.49
9.35, 0.00, -0.56
9.35, 0.00, -0.60
9.36, 0.00, -0.67
9.37, 0.00, -0.79
9.37, 0.00, -0.91
9.38, 0.00, -0.99
9.38, 0.00, -1.07
9.39, 0.00, -1.14
9.40, 0.00, -1.23
9.40, 0.00, -1.32
9.41, 0.00, -1.39
9.42, 0.00, -1.41
9.42, 0.00, -1.41
9.43, 0.00, -1.39
9.43, 0.00, -1.35
9.44, 0.00, -1.33
9.45, 0.00, -1.29
9.45, 0.00, -1.26
9.46, 0.00, -1.21
9.47, 0.00, -1.15
9.47, 0.00, -1.06
9.48, 0.00, -1.00
9.48, 0.00, -0.93
9.49, 0.00, -0.85
9.50, 0.00, -0.78
9.50, 0.00, -0.76
9.51, 0.00, -0.73
9.52, 0.00, -0.67
9.52, 0.00, -0.55
9.53, 0.00, -0.40
9.53, 0.00, -0.28
9.54, 0.00, -0.19
9.55, 0.00, -0.10
9.55, 0.00, -0.03
9.56, 0.00, 0.05
9.57, 0.00, 0.12
9.57, 0.00, 0.16
9.58, 0.00, 0.16
9.58, 0.00, 0.14
9.59, 0.00, 0.11
9.60, 0.00, 0.06
9.60, 0.00, 0.04
9.61, 0.00, 0.03
9.62, 0.00, 0.05
9.62, 0.00, 0.06
9.63, 0.00, 0.06
9.63, 0.00, 0.06
9.64, 0.00, 0.06
9.65, 0.00, 0.04
9.65, 0.00, 0.04
9.66, 0.00, 0.04
9.67, 0.00, 0.06
9.67, 0.00, 0.07
9.68, 0.00, 0.06
9.68, 0.00, 0.05
9.69, 0.00, 0.05
9.70, 0.00, 0.06
9.70, 0.00, 0.07
9.71, 0.00, 0.07
9.72, 0.00, 0.06
9.72, 0.00, 0.06
9.73, 0.00, 0.07
9.73, 0.00, 0.07
9.74, 0.00, 0.08
9.75, 0.00, 0.06
9.75, 0.00, 0.05
9.76, 0.00, 0.06
9.77, 0.00, 0.06
9.77, 0.00, 0.07
9.78, 0.00, 0.07
9.78, 0.00, 0.07
9.79, 0.00, 0.07
9.80, 0.00, 0.07
9.80, 0.00, 0.08
9.81, 0.00, 0.07
9.82, 0.00, 0.05
9.82, 0.00, 0.04
9.83, 0.00, 0.04
9.84, 0.00, 0.05
9.84, 0.00, 0.05
9.85, 0.00, 0.06
9.85, 0.00, 0.06
9.86, 0.00, 0.06
9.87, 0.00, 0.07
9.87, 0.00, 0.07
9.88, 0.00, 0.07
9.89, 0.00, 0.07
9.89, 0.00, 0.07
9.90, 0.00, 0.07
9.90, 0.00, 0.07
9.91, 0.00, 0.06
9.92, 0.00, 0.05
9.92, 0.00, 0.05
9.93, 0.00, 0.04
9.94, 0.00, 0.04
9.95, 0.00, 0.05
9.95, 0.00, 0.05
9.96, 0.00, 0.05
9.97, 0.00, 0.05
9.97, 0.00, 0.05
9.98, 0.00, 0.05
9.99, 0.00, 0.05
9.99, 0.00, 0.05
10.00, 0.00, 0.05
10.00, 0.00, 0.05
10.01, 0.00, 0.05
10.02, 0.00, 0.05
10.02, 0.00, 0.05
10.03, 0.00, 0.05
10.04, 0.00, 0.05
10.04, 0.00, 0.05
10.05, 0.00, 0.05
10.05, 0.00, 0.04
10.06, 0.00, 0.04
10.07, 0.00, 0.04
10.07, 0.00, 0.04
10.08, 0.00, 0.04
10.09, 0.00, 0.04
10.09, 0.00, 0.04
10.10, 0.00, 0.03
10.10, 0.00, 0.03
10.11, 0.00, 0.03
10.12, 0.00, 0.02
10.12, 0.00, 0.02
10.13, 0.00, 0.02
10.14, 0.00, 0.01
10.14, 0.00, 0.01
10.15, 0.00, 0.00
10.15, 0.00, 0.00
10.16, 0.00, 0.00
10.17, 0.00, 0.00
10.17, 0.00, 0.00
10.18, 0.00, 0.00
10.19, 0.00, 0.00
10.19, 0.00, 0.00
10.20, 0.00, 0.00
10.20, 0.00, 0.00
10.21, 0.00, 0.00
10.22, 0.00, 0.00
10.22, 0.00, 0.00
10.23, 0.00, 0.00
10.24, 0.00, 0.00
10.24, 0.00, 0.00
10.25, 0.00, 0.00
10.25, 0.00, 0.00
10.26, 0.00, 0.00
10.27, 0.00, 0.00
10.27, 0.00, 0.00
10.28, 0.00, 0.00
10.29, 0.00, 0.00
10.29, 0.00, 0.00
10.30, 0.00, 0.00
10.30, 0.00, 0.00
10.31, 0.00, 0.00
10.32, 0.00, 0.00
10.32, 0.00, 0.00
10.33, 0.00, 0.00
10.34, 0.00, 0.00
10.34, 0.00, 0.00
10.35, 0.00, 0.00
10.35, 0.00, 0.00
10.36, 0.00, 0.00
10.37, 0.00, 0.00
10.37, 0.00, 0.00
10.38, 0.00, 0.00
10.39, 0.00, 0.00
10.39, 0.00, 0.00
10.40, 0.00, 0.00
10.40, 0.00, 0.00
10.41, 0.00, 0.00
10.42, 0.00, 0.00
10.42, 0.00, 0.00
10.43, 0.00, 0.00
10.44, 0.00, 0.00
10.44, 0.00, 0.00
10.45, 0.00, 0.00
10.45, 0.00, 0.00
10.46, 0.00, 0.00
10.47, 0.00, 0.00
10.47, 0.00, 0.00
10.48, 0.00, 0.00
10.49, 0.00, 0.00
10.49, 0.00, 0.00
10.50, 0.00, 0.00
10.50, 0.00, 0.00
10.51, 0.00, 0.00
10.52, 0.00, 0.00
10.52, 0.00, 0.00
10.53, 0.00, 0.00
10.54, 0.00, 0.00
10.54, 0.00, 0.00
10.55, 0.00, 0.00
10.55, 0.00, 0.00
10.56, 0.00, 0.00
10.57, 0.00, 0.00
10.57, 0.00, 0.00
10.58, 0.00, 0.00
10.59, 0.00, 0.00
10.59, 0.00, 0.00
10.60, 0.00, 0.00
10.61, 0.00, 0.00
10.62, 0.00, 0.00
10.62, 0.00, 0.00
10.63, 0.00, 0.00
10.64, 0.00, 0.00
10.64, 0.00, 0.00
10.65, 0.00, 0.00
10.65, 0.00, 0.00
10.66, 0.00, 0.00
10.67, 0.00, 0.00
10.67, 0.00, 0.00
10.68, 0.00, 0.00
10.69, 0.00, 0.00
10.69, 0.00, 0.00
10.70, 0.00, 0.00
10.70, 0.00, 0.00
10.71, 0.79, 0.00
10.72, 0.79, 0.00
10.72, 0.79, 0.00
10.73, 0.79, 0.00
10.74, 0.79, 0.00
10.74, 0.79, 0.00
10.75, 0.79, 0.00
10.75, 0.79, 0.00
10.76, 0.79, 0.00
10.77, 0.79, 0.00
10.77, 0.79, 0.00
10.78, 0.79, 0.00
10.79, 0.79, 0.01
10.79, 0.79, 0.01
10.80, 0.79, 0.02
10.80, 0.79, 0.03
10.81, 0.79, 0.04
10.82, 0.79, 0.06
10.82, 0.79, 0.07
10.83, 0.79, 0.09
10.84, 0.79, 0.11
10.84, 0.79, 0.12
10.85, 0.79, 0.12
10.85, 0.79, 0.12
10.86, 0.79, 0.11
10.87, 0.79, 0.10
10.87, 0.79, 0.09
10.88, 0.79, 0.10
10.89, 0.79, 0.11
10.89, 0.79, 0.10
10.90, 0.79, 0.10
10.90, 0.79, 0.09
10.91, 0.79, 0.10
10.92, 0.79, 0.11
10.92, 0.79, 0.12
10.93, 0.79, 0.12
10.94, 0.79, 0.12
10.94, 0.79, 0.12
10.95, 0.79, 0.10
10.95, 0.79, 0.10
10.96, 0.79, 0.10
10.97, 0.79, 0.11
10.97, 0.79, 0.11
10.98, 0.79, 0.10
10.99, 0.79, 0.10
10.99, 0.79, 0.11
11.00, 0.79, 0.12
11.00, 0.79, 0.14
11.01, 0.79, 0.15
11.02, 0.79, 0.17
11.02, 0.79, 0.20
11.03, 0.79, 0.30
11.04, 0.79, 0.42
11.04, 0.79, 0.51
11.05, 0.79, 0.58
11.05, 0.79, 0.62
11.06, 0.79, 0.67
11.07, 0.79, 0.73
11.07, 0.79, 0.80
11.08, 0.79, 0.88
11.09, 0.79, 0.94
11.09, 0.79, 1.01
11.10, 0.79, 1.06
11.11, 0.79, 1.10
11.11, 0.79, 1.16
11.12, 0.79, 1.27
11.12, 0.79, 1.36
11.13, 0.79, 1.43
11.14, 0.79, 1.48
11.14, 0.79, 1.49
11.15, 0.79, 1.48
11.16, 0.79, 1.45
11.16, 0.79, 1.46
11.17, 0.79, 1.47
11.17, 0.79, 1.47
11.18, 0.79, 1.42
11.19, 0.79, 1.40
11.19, 0.79, 1.37
11.20, 0.79, 1.34
11.21, 0.79, 1.33
11.21, 0.79, 1.34
11.22, 0.79, 1.35
11.22, 0.79, 1.37
11.23, 0.79, 1.38
11.24, 0.79, 1.38
11.24, 0.79, 1.38
11.25, 0.79, 1.36
11.26, 0.79, 1.35
11.27, 0.79, 1.34
11.27, 0.79, 1.35
11.28, 0.79, 1.36
11.29, 0.79, 1.37
11.29, 0.79, 1.37
11.30, 0.79, 1.37
11.31, 0.79, 1.37
11.31, 0.79, 1.35
11.32, 0.79, 1.34
11.32, 0.79, 1.34
11.33, 0.79, 1.34
11.34, 0.79, 1.34
11.34, 0.79, 1.34
11.35, 0.79, 1.34
11.36, 0.79, 1.34
11.36, 0.79, 1.34
11.37, 0.79, 1.33
11.37, 0.79, 1.33
11.38, 0.79, 1.33
11.39, 0.79, 1.33
11.39, 0.79, 1.33
11.40, 0.79, 1.33
11.41, 0.79, 1.33
11.41, 0.79, 1.33
11.42, 0.79, 1.33
11.42, 0.79, 1.33
11.43, 0.79, 1.33
11.44, 0.79, 1.33
11.44, 0.79, 1.33
11.45, 0.79, 1.33
11.46, 0.79, 1.33
11.46, 0.79, 1.33
11.47, 0.79, 1.33
11.48, 0.79, 1.33
11.48, 0.79, 1.33
11.49, 0.79, 1.32
11.49, 0.79, 1.32
11.50, 0.79, 1.31
11.51, 0.79, 1.30
11.51, 0.79, 1.29
11.52, 0.79, 1.28
11.53, 0.79, 1.27
11.53, 0.79, 1.27
11.54, 0.79, 1.28
11.54, 0.79, 1.28
11.55, 0.79, 1.29
11.56, 0.79, 1.30
11.56, 0.79, 1.30
11.57, 0.79, 1.30
11.58, 0.79, 1.29
11.58, 0.79, 1.28
11.59, 0.79, 1.28
11.59, 0.79, 1.27
11.60, 0.79, 1.25
11.61, 0.79, 1.22
11.61, 0.79, 1.14
11.62, 0.79, 0.99
11.63, 0.79, 0.85
11.63, 0.79, 0.71
11.64, 0.79, 0.55
11.64, 0.79, 0.39
11.65, 0.79, 0.27
11.66, 0.79, 0.15
11.66, 0.79, 0.02
11.67, 0.79, -0.12
11.68, 0.79, -0.22
11.68, 0.79, -0.35
11.69, 0.79, -0.46
11.69, 0.79, -0.54
11.70, 0.79, -0.53
11.71, 0.79, -0.49
11.71, 0.79, -0.46
11.72, 0.79, -0.44
11.73, 0.79, -0.44
11.73, 0.79, -0.44
11.74, 0.79, -0.44
11.74, 0.79, -0.44
11.75, 0.79, -0.43
11.76, 0.79, -0.42
11.76, 0.79, -0.42
11.77, 0.79, -0.41
11.78, 0.79, -0.41
11.78, 0.79, -0.44
11.79, 0.79, -0.44
11.79, 0.79, -0.43
11.80, 0.79, -0.42
11.81, 0.79, -0.43
11.81, 0.79, -0.43
11.82, 0.79, -0.44
11.83, 0.79, -0.45
11.83, 0.79, -0.46
11.84, 0.79, -0.45
11.84, 0.79, -0.44
11.85, 0.79, -0.42
11.86, 0.79, -0.39
11.86, 0.79, -0.32
11.87, 0.79, -0.27
11.88, 0.79, -0.21
11.88, 0.79, -0.12
11.89, 0.79, -0.02
11.89, 0.79, 0.07
11.90, 0.79, 0.15
11.91, 0.79, 0.23
11.91, 0.79, 0.39
11.92, 0.79, 0.54
11.93, 0.79, 0.71
11.94, 0.79, 0.81
11.94, 0.79, 0.89
11.95, 0.79, 0.97
11.96, 0.79, 1.04
11.96, 0.79, 1.08
11.97, 0.79, 1.10
11.98, 0.79, 1.14
11.98, 0.79, 1.21
11.99, 0.79, 1.32
11.99, 0.79, 1.39
12.00, 0.79, 1.41
12.01, 0.79, 1.42
12.01, 0.79, 1.41
12.02, 0.79, 1.40
12.03, 0.79, 1.38
12.03, 0.79, 1.34
12.04, 0.79, 1.32
12.04, 0.79, 1.32
12.05, 0.79, 1.33
12.06, 0.79, 1.35
12.06, 0.79, 1.36
12.07, 0.79, 1.36
12.08, 0.79, 1.36
12.08, 0.79, 1.35
12.09, 0.79, 1.35
12.09, 0.79, 1.34
12.10, 0.79, 1.33
12.11, 0.79, 1.33
12.11, 0.79, 1.35
12.12, 0.79, 1.36
12.13, 0.79, 1.36
12.13, 0.79, 1.34
12.14, 0.79, 1.33
12.14, 0.79, 1.33
12.15, 0.79, 1.34
12.16, 0.79, 1.34
12.16, 0.79, 1.35
12.17, 0.79, 1.35
12.18, 0.79, 1.34
12.18, 0.79, 1.34
12.19, 0.79, 1.33
12.19, 0.79, 1.33
12.20, 0.79, 1.34
12.21, 0.79, 1.34
12.21, 0.79, 1.33
12.22, 0.79, 1.33
12.23, 0.79, 1.33
12.23, 0.79, 1.33
12.24, 0.79, 1.33
12.24, 0.79, 1.33
12.25, 0.79, 1.34
12.26, 0.79, 1.34
12.26, 0.79, 1.33
12.27, 0.79, 1.33
12.28, 0.79, 1.33
12.28, 0.79, 1.34
12.29, 0.79, 1.34
12.29, 0.79, 1.34
12.30, 0.79, 1.33
12.31, 0.79, 1.33
12.31, 0.79, 1.33
12.32, 0.79, 1.32
12.33, 0.79, 1.31
12.33, 0.79, 1.31
12.34, 0.79, 1.31
12.34, 0.79, 1.30
12.35, 0.79, 1.30
12.36, 0.79, 1.30
12.36, 0.79, 1.29
12.37, 0.79, 1.28
12.38, 0.79, 1.26
12.38, 0.79, 1.23
12.39, 0.79, 1.17
12.39, 0.79, 1.04
12.40, 0.79, 0.87
12.41, 0.79, 0.74
12.41, 0.79, 0.59
12.42, 0.79, 0.44
12.43, 0.79, 0.32
12.43, 0.79, 0.22
12.44, 0.79, 0.11
12.44, 0.79, 0.00
12.45, 0.79, -0.12
12.46, 0.79, -0.20
12.46, 0.79, -0.28
12.47, 0.79, -0.34
12.48, 0.79, -0.42
12.48, 0.79, -0.46
12.49, 0.79, -0.49
12.49, 0.79, -0.47
12.50, 0.79, -0.43
12.51, 0.79, -0.41
12.51, 0.79, -0.39
12.52, 0.79, -0.39
12.53, 0.79, -0.38
12.53, 0.79, -0.37
12.54, 0.79, -0.34
12.54, 0.79, -0.29
12.55, 0.79, -0.23
12.56, 0.79, -0.17
12.56, 0.79, -0.14
12.57, 0.79, -0.11
12.58, 0.79, -0.06
12.58, 0.79, -0.00
12.60, 0.79, 0.12
12.60, 0.79, 0.13
12.61, 0.79, 0.13
12.61, 0.79, 0.13
12.62, 0.79, 0.12
12.63, 0.79, 0.12
12.63, 0.79, 0.11
12.64, 0.79, 0.10
12.65, 0.79, 0.08
12.65, 0.79, 0.07
12.66, 0.79, 0.07
12.66, 0.79, 0.07
12.67, 0.79, 0.08
12.68, 0.79, 0.09
12.68, 0.79, 0.09
12.69, 0.79, 0.09
12.70, 0.79, 0.09
12.70, 0.79, 0.10
12.71, 0.79, 0.11
12.71, 0.79, 0.13
12.72, 1.57, 0.18
12.73, 1.57, 0.29
12.73, 1.57, 0.48
12.74, 1.57, 0.61
12.75, 1.57, 0.75
12.75, 1.57, 0.88
12.76, 1.57, 1.00
12.76, 1.57, 1.11
12.77, 1.57, 1.27
12.78, 1.57, 1.41
12.78, 1.57, 1.53
12.79, 1.57, 1.63
12.80, 1.57, 1.73
12.80, 1.57, 1.80
12.81, 1.57, 1.87
12.81, 1.57, 1.91
12.82, 1.57, 1.90
12.83, 1.57, 1.90
12.83, 1.57, 1.87
12.84, 1.57, 1.86
12.85, 1.57, 1.86
12.85, 1.57, 1.85
12.86, 1.57, 1.85
12.86, 1.57, 1.85
12.87, 1.57, 1.86
12.88, 1.57, 1.86
12.88, 1.57, 1.86
12.89, 1.57, 1.86
12.90, 1.57, 1.85
12.90, 1.57, 1.85
12.91, 1.57, 1.84
12.91, 1.57, 1.84
12.92, 1.57, 1.83
12.93, 1.57, 1.82
12.93, 1.57, 1.81
12.94, 1.57, 1.79
12.95, 1.57, 1.78
12.95, 1.57, 1.77
12.96, 1.57, 1.76
12.96, 1.57, 1.76
12.97, 1.57, 1.75
12.98, 1.57, 1.75
12.98, 1.57, 1.75
12.99, 1.57, 1.75
13.00, 1.57, 1.75
13.00, 1.57, 1.75
13.01, 1.57, 1.75
13.01, 1.57, 1.75
13.02, 1.57, 1.75
13.03, 1.57, 1.75
13.03, 1.57, 1.74
13.04, 1.57, 1.74
13.05, 1.57, 1.72
13.05, 1.57, 1.71
13.06, 1.57, 1.69
13.06, 1.57, 1.65
13.07, 1.57, 1.63
13.08, 1.57, 1.61
13.08, 1.57, 1.59
13.09, 1.57, 1.55
13.10, 1.57, 1.49
13.10, 1.57, 1.41
13.11, 1.57, 1.34
13.11, 1.57, 1.31
13.12, 1.57, 1.29
13.13, 1.57, 1.29
13.13, 1.57, 1.33
13.14, 1.57, 1.36
13.15, 1.57, 1.38
13.15, 1.57, 1.39
13.16, 1.57, 1.39
13.16, 1.57, 1.38
13.17, 1.57, 1.36
13.18, 1.57, 1.36
13.18, 1.57, 1.37
13.19, 1.57, 1.37
13.20, 1.57, 1.38
13.20, 1.57, 1.37
13.21, 1.57, 1.37
13.21, 1.57, 1.36
13.22, 1.57, 1.36
13.23, 1.57, 1.36
13.23, 1.57, 1.38
13.24, 1.57, 1.39
13.25, 1.57, 1.38
13.26, 1.57, 1.35
13.26, 1.57, 1.37
13.27, 1.57, 1.38
13.28, 1.57, 1.39
13.28, 1.57, 1.37
13.29, 1.57, 1.35
13.30, 1.57, 1.36
13.30, 1.57, 1.38
13.31, 1.57, 1.38
13.31, 1.57, 1.38
13.32, 1.57, 1.36
13.33, 1.57, 1.34
13.33, 1.57, 1.36
13.34, 1.57, 1.38
13.35, 1.57, 1.37
13.35, 1.57, 1.36
13.36, 1.57, 1.35
13.36, 1.57, 1.36
13.37, 1.57, 1.36
13.38, 1.57, 1.37
13.38, 1.57, 1.38
13.39, 1.57, 1.37
13.40, 1.57, 1.37
13.40, 1.57, 1.36
13.41, 1.57, 1.35
13.41, 1.57, 1.35
13.42, 1.57, 1.35
13.43, 1.57, 1.35
13.43, 1.57, 1.36
13.44, 1.57, 1.37
13.45, 1.57, 1.37
13.45, 1.57, 1.39
13.46, 1.57, 1.40
13.46, 1.57, 1.42
13.47, 1.57, 1.41
13.48, 1.57, 1.40
13.48, 1.57, 1.38
13.49, 1.57, 1.38
13.50, 1.57, 1.40
13.50, 1.57, 1.41
13.51, 1.57, 1.41
13.51, 1.57, 1.40
13.52, 1.57, 1.39
13.53, 1.57, 1.41
13.53, 1.57, 1.42
13.54, 1.57, 1.42
13.55, 1.57, 1.41
13.55, 1.57, 1.41
13.56, 1.57, 1.40
13.56, 1.57, 1.39
13.57, 1.57, 1.39
13.58, 1.57, 1.43
13.58, 1.57, 1.45
13.59, 1.57, 1.46
13.60, 1.57, 1.54
13.60, 1.57, 1.62
13.61, 1.57, 1.70
13.61, 1.57, 1.78
13.62, 1.57, 1.87
13.63, 1.57, 1.93
13.63, 1.57, 1.95
13.64, 1.57, 1.96
13.65, 1.57, 1.97
13.65, 1.57, 1.99
13.66, 1.57, 2.01
13.66, 1.57, 2.04
13.67, 1.57, 2.12
13.68, 1.57, 2.23
13.68, 1.57, 2.31
13.69, 1.57, 2.36
13.70, 1.57, 2.37
13.70, 1.57, 2.32
13.71, 1.57, 2.27
13.71, 1.57, 2.25
13.72, 1.57, 2.24
13.73, 1.57, 2.23
13.73, 1.57, 2.23
13.74, 1.57, 2.23
13.75, 1.57, 2.23
13.75, 1.57, 2.24
13.76, 1.57, 2.24
13.76, 1.57, 2.24
13.77, 1.57, 2.25
13.78, 1.57, 2.24
13.78, 1.57, 2.22
13.79, 1.57, 2.22
13.80, 1.57, 2.23
13.80, 1.57, 2.25
13.81, 1.57, 2.25
13.82, 1.57, 2.25
13.82, 1.57, 2.25
13.83, 1.57, 2.24
13.83, 1.57, 2.24
13.84, 1.57, 2.24
13.85, 1.57, 2.24
13.85, 1.57, 2.24
13.86, 1.57, 2.25
13.87, 1.57, 2.24
13.87, 1.57, 2.24
13.88, 1.57, 2.24
13.88, 1.57, 2.24
13.89, 1.57, 2.24
13.90, 1.57, 2.24
13.90, 1.57, 2.23
13.91, 1.57, 2.22
13.92, 1.57, 2.22
13.93, 1.57, 2.21
13.93, 1.57, 2.21
13.94, 1.57, 2.20
13.95, 1.57, 2.19
13.95, 1.57, 2.17
13.96, 1.57, 2.13
13.97, 1.57, 2.03
13.97, 1.57, 1.93
13.98, 1.57, 1.81
13.98, 1.57, 1.70
13.99, 1.57, 1.54
14.00, 1.57, 1.34
14.00, 1.57, 1.16
14.01, 1.57, 1.00
14.02, 1.57, 0.82
14.02, 1.57, 0.68
14.03, 1.57, 0.53
14.03, 1.57, 0.36
14.04, 1.57, 0.24
14.05, 1.57, 0.16
14.05, 1.57, 0.05
14.06, 1.57, -0.03
14.07, 1.57, -0.06
14.07, 1.57, -0.06
14.08, 1.57, -0.05
14.09, 1.57, -0.00
14.09, 1.57, 0.05
14.10, 1.57, 0.08
14.10, 1.57, 0.09
14.11, 1.57, 0.08
14.12, 1.57, 0.08
14.12, 1.57, 0.08
14.13, 1.57, 0.08
14.14, 1.57, 0.09
14.14, 1.57, 0.10
14.15, 1.57, 0.11
14.15, 1.57, 0.15
14.16, 1.57, 0.24
14.17, 1.57, 0.38
14.17, 1.57, 0.50
14.18, 1.57, 0.59
14.19, 1.57, 0.74
14.19, 1.57, 0.86
14.20, 1.57, 1.01
14.20, 1.57, 1.13
14.21, 1.57, 1.30
14.22, 1.57, 1.44
14.22, 1.57, 1.54
14.23, 1.57, 1.63
14.24, 1.57, 1.72
14.24, 1.57, 1.80
14.25, 1.57, 1.89
14.25, 1.57, 1.95
14.26, 1.57, 1.99
14.27, 1.57, 2.04
14.27, 1.57, 2.11
14.28, 1.57, 2.22
14.29, 1.57, 2.32
14.29, 1.57, 2.37
14.30, 1.57, 2.41
14.30, 1.57, 2.41
14.31, 1.57, 2.37
14.32, 1.57, 2.34
14.32, 1.57, 2.32
14.33, 1.57, 2.29
14.34, 1.57, 2.25
14.34, 1.57, 2.22
14.35, 1.57, 2.20
14.35, 1.57, 2.21
14.36, 1.57, 2.23
14.37, 1.57, 2.23
14.37, 1.57, 2.24
14.38, 1.57, 2.23
14.39, 1.57, 2.22
14.39, 1.57, 2.22
14.40, 1.57, 2.24
14.40, 1.57, 2.25
14.41, 1.57, 2.25
14.42, 1.57, 2.24
14.42, 1.57, 2.22
14.43, 1.57, 2.23
14.44, 1.57, 2.24
14.44, 1.57, 2.26
14.45, 1.57, 2.26
14.45, 1.57, 2.25
14.46, 1.57, 2.24
14.47, 1.57, 2.24
14.47, 1.57, 2.24
14.48, 1.57, 2.24
14.49, 1.57, 2.24
14.49, 1.57, 2.24
14.50, 1.57, 2.24
14.50, 1.57, 2.24
14.51, 1.57, 2.23
14.52, 1.57, 2.23
14.52, 1.57, 2.22
14.53, 1.57, 2.22
14.54, 1.57, 2.21
14.54, 1.57, 2.20
14.55, 1.57, 2.18
14.55, 1.57, 2.15
14.56, 1.57, 2.08
14.57, 1.57, 1.96
14.57, 1.57, 1.83
14.59, 1.57, 1.51
14.59, 1.57, 1.35
14.60, 1.57, 1.21
14.60, 1.57, 1.09
14.61, 1.57, 0.96
14.62, 1.57, 0.83
14.62, 1.57, 0.69
14.63, 1.57, 0.57
14.64, 1.57, 0.44
14.64, 1.57, 0.32
14.65, 1.57, 0.27
14.65, 1.57, 0.26
14.66, 1.57, 0.26
14.67, 1.57, 0.27
14.67, 1.57, 0.32
14.68, 1.57, 0.40
14.69, 1.57, 0.47
14.69, 1.57, 0.52
14.70, 1.57, 0.58
14.70, 1.57, 0.63
14.71, 1.57, 0.69
14.72, 1.57, 0.75
14.72, 3.14, 0.80
14.73, 3.14, 0.86
14.74, 3.14, 0.93
14.74, 3.14, 1.01
14.75, 3.14, 1.05
14.75, 3.14, 1.08
14.76, 3.14, 1.14
14.77, 3.14, 1.24
14.77, 3.14, 1.39
14.78, 3.14, 1.48
14.79, 3.14, 1.59
14.79, 3.14, 1.68
14.80, 3.14, 1.79
14.80, 3.14, 1.89
14.81, 3.14, 1.94
14.82, 3.14, 1.98
14.82, 3.14, 2.02
14.83, 3.14, 2.09
14.84, 3.14, 2.19
14.84, 3.14, 2.32
14.85, 3.14, 2.40
14.85, 3.14, 2.46
14.86, 3.14, 2.52
14.87, 3.14, 2.58
14.87, 3.14, 2.61
14.88, 3.14, 2.64
14.89, 3.14, 2.68
14.89, 3.14, 2.71
14.90, 3.14, 2.74
14.90, 3.14, 2.77
14.91, 3.14, 2.78
14.92, 3.14, 2.77
14.92, 3.14, 2.74
14.93, 3.14, 2.73
14.94, 3.14, 2.73
14.94, 3.14, 2.74
14.95, 3.14, 2.75
14.95, 3.14, 2.76
14.96, 3.14, 2.77
14.97, 3.14, 2.77
14.97, 3.14, 2.77
14.98, 3.14, 2.77
14.99, 3.14, 2.76
14.99, 3.14, 2.75
15.00, 3.14, 2.75
15.00, 3.14, 2.76
15.01, 3.14, 2.76
15.02, 3.14, 2.76
15.02, 3.14, 2.77
15.03, 3.14, 2.76
15.04, 3.14, 2.76
15.04, 3.14, 2.75
15.05, 3.14, 2.76
15.05, 3.14, 2.76
15.06, 3.14, 2.76
15.07, 3.14, 2.74
15.07, 3.14, 2.74
15.08, 3.14, 2.75
15.09, 3.14, 2.77
15.09, 3.14, 2.79
15.10, 3.14, 2.77
15.10, 3.14, 2.75
15.11, 3.14, 2.75
15.12, 3.14, 2.75
15.12, 3.14, 2.76
15.13, 3.14, 2.77
15.14, 3.14, 2.76
15.14, 3.14, 2.76
15.15, 3.14, 2.76
15.15, 3.14, 2.76
15.16, 3.14, 2.76
15.17, 3.14, 2.75
15.17, 3.14, 2.76
15.18, 3.14, 2.76
15.19, 3.14, 2.76
15.19, 3.14, 2.77
15.20, 3.14, 2.77
15.20, 3.14, 2.76
15.21, 3.14, 2.75
15.22, 3.14, 2.75
15.22, 3.14, 2.77
15.23, 3.14, 2.77
15.24, 3.14, 2.77
15.25, 3.14, 2.76
15.25, 3.14, 2.77
15.26, 3.14, 2.78
15.27, 3.14, 2.78
15.27, 3.14, 2.77
15.28, 3.14, 2.76
15.29, 3.14, 2.76
15.29, 3.14, 2.77
15.30, 3.14, 2.78
15.30, 3.14, 2.77
15.31, 3.14, 2.77
15.32, 3.14, 2.76
15.32, 3.14, 2.77
15.33, 3.14, 2.78
15.34, 3.14, 2.77
15.34, 3.14, 2.77
15.35, 3.14, 2.78
15.36, 3.14, 2.77
15.36, 3.14, 2.78
15.37, 3.14, 2.78
15.37, 3.14, 2.78
15.38, 3.14, 2.78
15.39, 3.14, 2.78
15.39, 3.14, 2.78
15.40, 3.14, 2.78
15.41, 3.14, 2.78
15.41, 3.14, 2.79
15.42, 3.14, 2.79
15.42, 3.14, 2.80
15.43, 3.14, 2.82
15.44, 3.14, 2.85
15.44, 3.14, 2.92
15.45, 3.14, 3.07
15.46, 3.14, 3.24
15.46, 3.14, 3.33
15.47, 3.14, 3.44
15.47, 3.14, 3.54
15.48, 3.14, 3.65
15.49, 3.14, 3.75
15.49, 3.14, 3.83
15.50, 3.14, 3.93
15.51, 3.14, 4.07
15.51, 3.14, 4.16
15.52, 3.14, 4.22
15.52, 3.14, 4.25
15.53, 3.14, 4.27
15.54, 3.14, 4.28
15.54, 3.14, 4.27
15.55, 3.14, 4.25
15.56, 3.14, 4.21
15.56, 3.14, 4.15
15.57, 3.14, 4.05
15.57, 3.14, 3.99
15.58, 3.14, 3.96
15.59, 3.14, 3.99
15.59, 3.14, 4.03
15.60, 3.14, 4.05
15.61, 3.14, 4.05
15.61, 3.14, 4.05
15.62, 3.14, 4.02
15.62, 3.14, 4.01
15.63, 3.14, 4.01
15.64, 3.14, 4.03
15.64, 3.14, 4.04
15.65, 3.14, 4.04
15.66, 3.14, 4.03
15.66, 3.14, 4.03
15.67, 3.14, 4.03
15.67, 3.14, 4.02
15.68, 3.14, 4.02
15.69, 3.14, 4.02
15.69, 3.14, 4.01
15.70, 3.14, 4.01
15.71, 3.14, 4.01
15.71, 3.14, 4.01
15.72, 3.14, 4.00
15.72, 3.14, 3.99
15.73, 3.14, 3.98
15.74, 3.14, 3.97
15.74, 3.14, 3.95
15.75, 3.14, 3.89
15.76, 3.14, 3.79
15.76, 3.14, 3.68
15.77, 3.14, 3.56
15.77, 3.14, 3.42
15.78, 3.14, 3.26
15.79, 3.14, 3.10
15.79, 3.14, 2.98
15.80, 3.14, 2.81
15.81, 3.14, 2.66
15.81, 3.14, 2.52
15.82, 3.14, 2.33
15.82, 3.14, 2.19
15.83, 3.14, 2.12
15.84, 3.14, 2.08
15.84, 3.14, 2.05
15.85, 3.14, 2.01
15.86, 3.14, 1.97
15.86, 3.14, 1.90
15.87, 3.14, 1.81
15.87, 3.14, 1.76
15.88, 3.14, 1.74
15.89, 3.14, 1.75
15.89, 3.14, 1.76
15.90, 3.14, 1.81
15.91, 3.14, 1.90
15.92, 3.14, 1.91
15.92, 3.14, 1.91
15.93, 3.14, 1.92
15.94, 3.14, 1.92
15.94, 3.14, 1.93
15.95, 3.14, 1.95
15.96, 3.14, 2.00
15.96, 3.14, 2.10
15.97, 3.14, 2.30
15.97, 3.14, 2.41
15.98, 3.14, 2.52
15.99, 3.14, 2.62
15.99, 3.14, 2.73
16.00, 3.14, 2.81
16.01, 3.14, 2.87
16.01, 3.14, 2.93
16.02, 3.14, 3.07
16.02, 3.14, 3.18
16.03, 3.14, 3.26
16.04, 3.14, 3.30
16.04, 3.14, 3.33
16.05, 3.14, 3.39
16.06, 3.14, 3.43
16.06, 3.14, 3.47
16.07, 3.14, 3.49
16.07, 3.14, 3.51
16.08, 3.14, 3.53
16.09, 3.14, 3.56
16.09, 3.14, 3.57
16.10, 3.14, 3.59
16.11, 3.14, 3.60
16.11, 3.14, 3.61
16.12, 3.14, 3.61
16.12, 3.14, 3.61
16.13, 3.14, 3.60
16.14, 3.14, 3.59
16.14, 3.14, 3.58
16.15, 3.14, 3.58
16.16, 3.14, 3.57
16.16, 3.14, 3.56
16.17, 3.14, 3.56
16.17, 3.14, 3.56
16.18, 3.14, 3.55
16.19, 3.14, 3.55
16.19, 3.14, 3.55
16.20, 3.14, 3.55
16.21, 3.14, 3.55
16.21, 3.14, 3.54
16.22, 3.14, 3.53
16.22, 3.14, 3.51
16.23, 3.14, 3.49
16.24, 3.14, 3.44
16.24, 3.14, 3.40
16.25, 3.14, 3.36
16.26, 3.14, 3.30
16.26, 3.14, 3.21
16.27, 3.14, 3.10
16.27, 3.14, 3.03
16.28, 3.14, 3.04
16.29, 3.14, 3.11
16.29, 3.14, 3.15
16.30, 3.14, 3.15
16.31, 3.14, 3.14
16.31, 3.14, 3.14
16.32, 3.14, 3.13
16.32, 3.14, 3.13
16.33, 3.14, 3.13
16.34, 3.14, 3.13
16.34, 3.14, 3.13
16.35, 3.14, 3.13
16.36, 3.14, 3.13
16.36, 3.14, 3.14
16.37, 3.14, 3.14
16.37, 3.14, 3.14
16.38, 3.14, 3.14
16.39, 3.14, 3.13
16.39, 3.14, 3.13
16.40, 3.14, 3.13
16.41, 3.14, 3.14
16.41, 3.14, 3.14
16.42, 3.14, 3.13
16.42, 3.14, 3.13
16.43, 3.14, 3.13
16.44, 3.14, 3.13
16.44, 3.14, 3.14
16.45, 3.14, 3.14
16.46, 3.14, 3.14
16.46, 3.14, 3.14
16.47, 3.14, 3.13
16.47, 3.14, 3.14
16.48, 3.14, 3.13
16.49, 3.14, 3.13
16.49, 3.14, 3.13
16.50, 3.14, 3.13
16.51, 3.14, 3.14
16.51, 3.14, 3.14
16.52, 3.14, 3.14
16.52, 3.14, 3.13
16.53, 3.14, 3.12
16.54, 3.14, 3.12
16.54, 3.14, 3.12
16.55, 3.14, 3.12
16.56, 3.14, 3.12
16.56, 3.14, 3.12
16.57, 3.14, 3.13
16.58, 3.14, 3.13
16.59, 3.14, 3.14
16.59, 3.14, 3.14
16.60, 3.14, 3.14
16.61, 3.14, 3.13
16.61, 3.14, 3.13
16.62, 3.14, 3.12
16.63, 3.14, 3.13
16.63, 3.14, 3.14
16.64, 3.14, 3.13
16.64, 3.14, 3.14
16.65, 3.14, 3.13
16.66, 3.14, 3.14
16.66, 3.14, 3.13
16.67, 3.14, 3.13
16.68, 3.14, 3.13
16.68, 3.14, 3.14
16.69, 3.14, 3.13
16.69, 3.14, 3.13
16.70, 3.14, 3.13
16.71, 3.14, 3.13
16.71, 3.14, 3.13
16.72, 3.14, 3.13
16.73, -0.79, 3.13
16.73, -0.79, 3.13
16.74, -0.79, 3.13
16.74, -0.79, 3.13
16.75, -0.79, 3.12
16.76, -0.79, 3.12
16.76, -0.79, 3.12
16.77, -0.79, 3.13
16.78, -0.79, 3.14
16.78, -0.79, 3.14
16.79, -0.79, 3.14
16.79, -0.79, 3.12
16.80, -0.79, 3.11
16.81, -0.79, 3.09
16.81, -0.79, 3.06
16.82, -0.79, 2.99
16.83, -0.79, 2.88
16.83, -0.79, 2.75
16.84, -0.79, 2.61
16.84, -0.79, 2.44
16.85, -0.79, 2.24
16.86, -0.79, 2.08
16.86, -0.79, 1.92
16.87, -0.79, 1.72
16.88, -0.79, 1.56
16.88, -0.79, 1.37
16.89, -0.79, 1.19
16.89, -0.79, 0.99
16.90, -0.79, 0.81
16.91, -0.79, 0.64
16.91, -0.79, 0.47
16.92, -0.79, 0.29
16.93, -0.79, 0.14
16.93, -0.79, 0.00
16.94, -0.79, -0.15
16.94, -0.79, -0.31
16.95, -0.79, -0.49
16.96, -0.79, -0.61
16.96, -0.79, -0.70
16.97, -0.79, -0.86
16.98, -0.79, -0.97
16.98, -0.79, -1.06
16.99, -0.79, -1.14
16.99, -0.79, -1.19
17.00, -0.79, -1.22
17.01, -0.79, -1.26
17.01, -0.79, -1.29
17.02, -0.79, -1.29
17.03, -0.79, -1.28
17.03, -0.79, -1.24
17.04, -0.79, -1.21
17.04, -0.79, -1.15
17.05, -0.79, -1.08
17.06, -0.79, -1.02
17.06, -0.79, -0.97
17.07, -0.79, -0.86
17.08, -0.79, -0.77
17.08, -0.79, -0.72
17.09, -0.79, -0.66
17.09, -0.79, -0.57
17.10, -0.79, -0.44
17.11, -0.79, -0.32
17.11, -0.79, -0.22
17.12, -0.79, -0.15
17.13, -0.79, -0.13
17.13, -0.79, -0.10
17.14, -0.79, -0.08
17.14, -0.79, -0.07
17.15, -0.79, -0.07
17.16, -0.79, -0.07
17.16, -0.79, -0.07
17.17, -0.79, -0.08
17.18, -0.79, -0.09
17.18, -0.79, -0.10
17.19, -0.79, -0.13
17.19, -0.79, -0.16
17.20, -0.79, -0.19
17.21, -0.79, -0.23
17.21, -0.79, -0.27
17.22, -0.79, -0.31
17.23, -0.79, -0.39
17.24, -0.79, -0.48
17.24, -0.79, -0.49
17.25, -0.79, -0.49
17.26, -0.79, -0.46
17.26, -0.79, -0.44
17.27, -0.79, -0.43
17.28, -0.79, -0.43
17.28, -0.79, -0.43
17.29, -0.79, -0.44
17.29, -0.79, -0.45
17.30, -0.79, -0.46
17.31, -0.79, -0.46
17.31, -0.79, -0.45
17.32, -0.79, -0.46
17.33, -0.79, -0.45
17.33, -0.79, -0.45
17.34, -0.79, -0.45
17.34, -0.79, -0.44
17.35, -0.79, -0.45
17.36, -0.79, -0.46
17.36, -0.79, -0.46
17.37, -0.79, -0.47
17.38, -0.79, -0.46
17.38, -0.79, -0.46
17.39, -0.79, -0.46
17.39, -0.79, -0.45
17.40, -0.79, -0.46
17.41, -0.79, -0.45
17.41, -0.79, -0.45
17.42, -0.79, -0.46
17.43, -0.79, -0.46
17.43, -0.79, -0.46
17.44, -0.79, -0.46
17.44, -0.79, -0.45
17.45, -0.79, -0.46
17.46, -0.79, -0.46
17.46, -0.79, -0.45
17.47, -0.79, -0.45
17.48, -0.79, -0.45
17.48, -0.79, -0.46
17.49, -0.79, -0.47
17.49, -0.79, -0.46
17.50, -0.79, -0.45
17.51, -0.79, -0.43
17.51, -0.79, -0.45
17.52, -0.79, -0.47
17.52, -0.79, -0.47
17.53, -0.79, -0.45
17.54, -0.79, -0.44
17.54, -0.79, -0.43
17.55, -0.79, -0.43
17.56, -0.79, -0.44
17.56, -0.79, -0.45
17.57, -0.79, -0.45
17.58, -0.79, -0.45
17.58, -0.79, -0.44
17.59, -0.79, -0.44
17.59, -0.79, -0.44
17.60, -0.79, -0.45
17.61, -0.79, -0.45
17.61, -0.79, -0.45
17.62, -0.79, -0.45
17.63, -0.79, -0.45
17.63, -0.79, -0.45
17.64, -0.79, -0.45
17.64, -0.79, -0.45
17.65, -0.79, -0.45
17.66, -0.79, -0.45
17.66, -0.79, -0.46
17.67, -0.79, -0.46
17.68, -0.79, -0.47
17.68, -0.79, -0.48
17.69, -0.79, -0.49
17.69, -0.79, -0.50
17.70, -0.79, -0.54
17.71, -0.79, -0.60
17.71, -0.79, -0.71
17.72, -0.79, -0.89
17.73, -0.79, -1.06
17.73, -0.79, -1.22
17.74, -0.79, -1.36
17.74, -0.79, -1.47
17.75, -0.79, -1.57
17.76, -0.79, -1.70
17.76, -0.79, -1.81
17.77, -0.79, -1.89
17.78, -0.79, -1.98
17.78, -0.79, -2.03
17.79, -0.79, -2.05
17.79, -0.79, -2.05
17.80, -0.79, -2.02
17.81, -0.79, -1.98
17.81, -0.79, -1.93
17.82, -0.79, -1.85
17.83, -0.79, -1.76
17.83, -0.79, -1.68
17.84, -0.79, -1.62
17.84, -0.79, -1.53
17.85, -0.79, -1.42
17.86, -0.79, -1.30
17.86, -0.79, -1.19
17.87, -0.79, -1.07
17.88, -0.79, -0.99
17.88, -0.79, -0.91
17.89, -0.79, -0.83
17.90, -0.79, -0.76
17.91, -0.79, -0.77
17.91, -0.79, -0.79
17.92, -0.79, -0.81
17.93, -0.79, -0.85
17.93, -0.79, -0.87
17.94, -0.79, -0.86
17.94, -0.79, -0.85
17.95, -0.79, -0.83
17.96, -0.79, -0.84
17.96, -0.79, -0.85
17.97, -0.79, -0.84
17.98, -0.79, -0.85
17.98, -0.79, -0.85
17.99, -0.79, -0.85
17.99, -0.79, -0.85
18.00, -0.79, -0.84
18.01, -0.79, -0.84
18.01, -0.79, -0.85
18.02, -0.79, -0.84
18.03, -0.79, -0.85
18.03, -0.79, -0.85
18.04, -0.79, -0.85
18.04, -0.79, -0.85
18.05, -0.79, -0.84
18.06, -0.79, -0.84
18.06, -0.79, -0.84
18.07, -0.79, -0.83
18.08, -0.79, -0.85
18.08, -0.79, -0.84
18.09, -0.79, -0.85
18.09, -0.79, -0.84
18.10, -0.79, -0.83
18.11, -0.79, -0.85
18.11, -0.79, -0.85
18.12, -0.79, -0.84
18.13, -0.79, -0.84
18.13, -0.79, -0.83
18.14, -0.79, -0.83
18.14, -0.79, -0.85
18.15, -0.79, -0.84
18.16, -0.79, -0.85
18.16, -0.79, -0.84
18.17, -0.79, -0.83
18.18, -0.79, -0.83
18.18, -0.79, -0.84
18.19, -0.79, -0.85
18.19, -0.79, -0.85
18.20, -0.79, -0.83
18.21, -0.79, -0.83
18.21, -0.79, -0.83
18.22, -0.79, -0.85
18.23, -0.79, -0.86
18.23, -0.79, -0.84
18.24, -0.79, -0.82
18.24, -0.79, -0.82
18.25, -0.79, -0.84
18.26, -0.79, -0.86
18.26, -0.79, -0.87
18.27, -0.79, -0.85
18.28, -0.79, -0.83
18.28, -0.79, -0.84
18.29, -0.79, -0.84
18.29, -0.79, -0.85
18.30, -0.79, -0.86
18.31, -0.79, -0.86
18.31, -0.79, -0.85
18.32, -0.79, -0.84
18.33, -0.79, -0.82
18.33, -0.79, -0.83
18.34, -0.79, -0.84
18.34, -0.79, -0.85
18.35, -0.79, -0.86
18.36, -0.79, -0.85
18.36, -0.79, -0.85
18.37, -0.79, -0.85
18.38, -0.79, -0.84
18.38, -0.79, -0.84
18.39, -0.79, -0.84
18.39, -0.79, -0.84
18.40, -0.79, -0.85
18.41, -0.79, -0.84
18.41, -0.79, -0.84
18.42, -0.79, -0.84
18.43, -0.79, -0.83
18.43, -0.79, -0.83
18.44, -0.79, -0.84
18.44, -0.79, -0.84
18.45, -0.79, -0.85
18.46, -0.79, -0.84
18.46, -0.79, -0.84
18.47, -0.79, -0.84
18.48, -0.79, -0.82
18.48, -0.79, -0.83
18.49, -0.79, -0.83
18.49, -0.79, -0.83
18.50, -0.79, -0.84
18.51, -0.79, -0.84
18.51, -0.79, -0.83
18.52, -0.79, -0.83
18.53, -0.79, -0.82
18.53, -0.79, -0.82
18.54, -0.79, -0.83
18.54, -0.79, -0.84
18.55, -0.79, -0.84
18.56, -0.79, -0.82
18.57, -0.79, -0.82
18.58, -0.79, -0.81
18.58, -0.79, -0.82
18.59, -0.79, -0.83
18.59, -0.79, -0.83
18.60, -0.79, -0.83
18.61, -0.79, -0.82
18.61, -0.79, -0.83
18.62, -0.79, -0.83
18.63, -0.79, -0.82
18.63, -0.79, -0.82
18.64, -0.79, -0.83
18.64, -0.79, -0.83
18.65, -0.79, -0.83
18.66, -0.79, -0.82
18.66, -0.79, -0.82
18.67, -0.79, -0.82
18.68, -0.79, -0.82
18.68, -0.79, -0.83
18.69, -0.79, -0.82
18.69, -0.79, -0.82
18.70, -0.79, -0.82
18.71, -0.79, -0.82
18.71, -0.79, -0.82
18.72, -0.79, -0.82
18.73, 0.00, -0.81
18.73, 0.00, -0.82
18.74, 0.00, -0.83
18.74, 0.00, -0.83
18.75, 0.00, -0.83
18.76, 0.00, -0.83
18.76, 0.00, -0.82
18.77, 0.00, -0.82
18.78, 0.00, -0.80
18.78, 0.00, -0.80
18.79, 0.00, -0.80
18.79, 0.00, -0.80
18.80, 0.00, -0.80
18.81, 0.00, -0.81
18.81, 0.00, -0.82
18.82, 0.00, -0.82
18.83, 0.00, -0.82
18.83, 0.00, -0.81
18.84, 0.00, -0.81
18.85, 0.00, -0.81
18.85, 0.00, -0.80
18.86, 0.00, -0.79
18.86, 0.00, -0.76
18.87, 0.00, -0.70
18.88, 0.00, -0.62
18.88, 0.00, -0.48
18.89, 0.00, -0.37
18.90, 0.00, -0.27
18.90, 0.00, -0.16
18.91, 0.00, -0.06
18.91, 0.00, 0.05
18.92, 0.00, 0.19
18.93, 0.00, 0.30
18.93, 0.00, 0.46
18.94, 0.00, 0.58
18.95, 0.00, 0.68
18.95, 0.00, 0.77
18.96, 0.00, 0.83
18.96, 0.00, 0.88
18.97, 0.00, 0.94
18.98, 0.00, 0.97
18.98, 0.00, 0.99
18.99, 0.00, 0.99
19.00, 0.00, 0.99
19.00, 0.00, 0.95
19.01, 0.00, 0.92
19.01, 0.00, 0.89
19.02, 0.00, 0.86
19.03, 0.00, 0.84
19.03, 0.00, 0.81
19.04, 0.00, 0.78
19.05, 0.00, 0.73
19.05, 0.00, 0.67
19.06, 0.00, 0.60
19.06, 0.00, 0.49
19.07, 0.00, 0.36
19.08, 0.00, 0.29
19.08, 0.00, 0.26
19.09, 0.00, 0.21
19.10, 0.00, 0.14
19.10, 0.00, 0.06
19.11, 0.00, 0.00
19.11, 0.00, -0.07
19.12, 0.00, -0.10
19.13, 0.00, -0.13
19.13, 0.00, -0.19
19.14, 0.00, -0.23
19.15, 0.00, -0.26
19.15, 0.00, -0.27
19.16, 0.00, -0.30
19.16, 0.00, -0.35
19.17, 0.00, -0.41
19.18, 0.00, -0.45
19.18, 0.00, -0.45
19.19, 0.00, -0.43
19.20, 0.00, -0.42
19.20, 0.00, -0.42
19.21, 0.00, -0.43
19.21, 0.00, -0.43
19.23, 0.00, -0.43
19.23, 0.00, -0.42
19.24, 0.00, -0.42
19.25, 0.00, -0.43
19.25, 0.00, -0.42
19.26, 0.00, -0.42
19.26, 0.00, -0.41
19.27, 0.00, -0.39
19.28, 0.00, -0.36
19.28, 0.00, -0.33
19.29, 0.00, -0.32
19.30, 0.00, -0.30
19.30, 0.00, -0.25
19.31, 0.00, -0.20
19.31, 0.00, -0.13
19.32, 0.00, -0.09
19.33, 0.00, -0.05
19.33, 0.00, 0.02
19.34, 0.00, 0.08
19.34, 0.00, 0.12
19.35, 0.00, 0.12
19.36, 0.00, 0.10
19.36, 0.00, 0.08
19.37, 0.00, 0.07
19.38, 0.00, 0.07
19.38, 0.00, 0.06
19.39, 0.00, 0.07
19.39, 0.00, 0.08
19.40, 0.00, 0.07
19.41, 0.00, 0.09
19.41, 0.00, 0.08
19.42, 0.00, 0.07
19.43, 0.00, 0.07
19.43, 0.00, 0.06
19.44, 0.00, 0.07
19.44, 0.00, 0.07
19.45, 0.00, 0.06
19.46, 0.00, 0.07
19.46, 0.00, 0.08
19.47, 0.00, 0.08
19.48, 0.00, 0.09
19.48, 0.00, 0.09
19.49, 0.00, 0.10
19.49, 0.00, 0.10
19.50, 0.00, 0.08
19.51, 0.00, 0.08
19.51, 0.00, 0.08
19.52, 0.00, 0.08
19.53, 0.00, 0.09
19.53, 0.00, 0.07
19.54, 0.00, 0.06
19.54, 0.00, 0.06
19.55, 0.00, 0.06
19.56, 0.00, 0.06
19.56, 0.00, 0.06
19.57, 0.00, 0.06
19.58, 0.00, 0.06
19.58, 0.00, 0.07
19.59, 0.00, 0.08
19.59, 0.00, 0.08
19.60, 0.00, 0.08
19.61, 0.00, 0.08
19.61, 0.00, 0.07
19.62, 0.00, 0.07
19.63, 0.00, 0.07
19.63, 0.00, 0.07
19.64, 0.00, 0.07
19.64, 0.00, 0.07
19.65, 0.00, 0.06
19.66, 0.00, 0.06
19.66, 0.00, 0.06
19.67, 0.00, 0.06
19.68, 0.00, 0.06
19.68, 0.00, 0.07
19.69, 0.00, 0.07
19.69, 0.00, 0.07
19.70, 0.00, 0.06
19.71, 0.00, 0.06
19.71, 0.00, 0.06
19.72, 0.00, 0.06
19.73, 0.00, 0.06
19.73, 0.00, 0.06
19.74, 0.00, 0.06
19.74, 0.00, 0.06
19.75, 0.00, 0.06
19.76, 0.00, 0.06
19.76, 0.00, 0.06
19.77, 0.00, 0.05
19.78, 0.00, 0.05
19.78, 0.00, 0.04
19.79, 0.00, 0.04
19.79, 0.00, 0.03
19.80, 0.00, 0.03
19.81, 0.00, 0.02
19.81, 0.00, 0.01
19.82, 0.00, 0.00
19.83, 0.00, 0.00
19.83, 0.00, 0.00
19.84, 0.00, -0.02
19.85, 0.00, -0.02
19.85, 0.00, -0.02
19.86, 0.00, -0.02
19.86, 0.00, -0.02
19.87, 0.00, -0.02
19.88, 0.00, -0.02
19.89, 0.00, -0.02
19.90, 0.00, -0.02
19.90, 0.00, -0.02
19.91, 0.00, -0.02
19.91, 0.00, -0.02
19.92, 0.00, -0.02
19.93, 0.00, -0.02
19.93, 0.00, -0.02
19.94, 0.00, -0.02
19.95, 0.00, -0.02
19.95, 0.00, -0.02
19.96, 0.00, -0.02
19.96, 0.00, -0.02
19.97, 0.00, -0.02
19.98, 0.00, -0.02
19.98, 0.00, -0.02
19.99, 0.00, -0.02
20.00, 0.00, -0.02
20.00, 0.00, -0.03
20.01, 0.00, -0.02
20.01, 0.00, -0.03
20.02, 0.00, -0.03
20.03, 0.00, -0.03
20.03, 0.00, -0.03
20.04, 0.00, -0.03
20.05, 0.00, -0.03
20.05, 0.00, -0.03
20.06, 0.00, -0.03
20.06, 0.00, -0.03
20.07, 0.00, -0.03
20.08, 0.00, -0.03
20.08, 0.00, -0.03
20.09, 0.00, -0.03
20.10, 0.00, -0.03
20.10, 0.00, -0.03
20.11, 0.00, -0.03
20.11, 0.00, -0.03
20.12, 0.00, -0.03
20.13, 0.00, -0.03
20.13, 0.00, -0.03
20.14, 0.00, -0.03
20.15, 0.00, -0.03
20.15, 0.00, -0.03
20.16, 0.00, -0.03
20.16, 0.00, -0.03
20.17, 0.00, -0.03
20.18, 0.00, -0.03
20.18, 0.00, -0.03
20.19, 0.00, -0.03
20.20, 0.00, -0.03
20.20, 0.00, -0.03
20.21, 0.00, -0.03
20.21, 0.00, -0.03
20.22, 0.00, -0.03
20.23, 0.00, -0.03
20.23, 0.00, -0.03
20.24, 0.00, -0.03
20.25, 0.00, -0.03
20.25, 0.00, -0.03
20.26, 0.00, -0.03
20.26, 0.00, -0.03
20.27, 0.00, -0.03
20.28, 0.00, -0.03
20.28, 0.00, -0.03
20.29, 0.00, -0.03
20.30, 0.00, -0.03
20.30, 0.00, -0.03
20.31, 0.00, -0.03
20.31, 0.00, -0.03
20.32, 0.00, -0.03
20.33, 0.00, -0.03
20.33, 0.00, -0.03
20.34, 0.00, -0.03
20.35, 0.00, -0.03
20.35, 0.00, -0.03
20.36, 0.00, -0.03
20.36, 0.00, -0.03
20.37, 0.00, -0.03
20.38, 0.00, -0.03
20.38, 0.00, -0.03
20.39, 0.00, -0.03
20.40, 0.00, -0.03
20.40, 0.00, -0.03
20.41, 0.00, -0.03
20.41, 0.00, -0.03
20.42, 0.00, -0.03
20.43, 0.00, -0.03
20.43, 0.00, -0.03
20.44, 0.00, -0.03
20.45, 0.00, -0.03
20.45, 0.00, -0.03
20.46, 0.00, -0.03
20.46, 0.00, -0.03
20.47, 0.00, -0.03
20.48, 0.00, -0.03
20.48, 0.00, -0.03
20.49, 0.00, -0.02
20.50, 0.00, -0.02
20.50, 0.00, -0.02
20.51, 0.00, -0.02
20.51, 0.00, -0.02
20.52, 0.00, -0.02
20.53, 0.00, -0.02
20.53, 0.00, -0.02
20.54, 0.00, -0.02
20.55, 0.00, -0.02
20.56, 0.00, -0.02
20.56, 0.00, -0.02
20.57, 0.00, -0.02
20.58, 0.00, -0.02
20.58, 0.00, -0.02
20.59, 0.00, -0.02
20.60, 0.00, -0.02
20.60, 0.00, -0.02
20.61, 0.00, -0.02
20.61, 0.00, -0.02
20.62, 0.00, -0.02
20.63, 0.00, -0.02
20.63, 0.00, -0.02
20.64, 0.00, -0.02
20.65, 0.00, -0.02
20.65, 0.00, -0.02
20.66, 0.00, -0.02
20.66, 0.00, -0.02
20.67, 0.00, -0.02
20.68, 0.00, -0.02
20.68, 0.00, -0.02
20.69, 0.00, -0.02
20.70, 0.00, -0.02
20.70, 0.00, -0.02
20.71, 0.00, -0.02
20.71, 0.00, -0.02
20.72, 0.00, -0.02
20.73, 0.79, -0.01
20.73, 0.79, -0.01
20.74, 0.79, -0.02
20.75, 0.79, -0.02
20.75, 0.79, -0.02
20.76, 0.79, -0.01
20.76, 0.79, -0.01
20.77, 0.79, -0.01
20.78, 0.79, -0.01
20.78, 0.79, -0.01
20.79, 0.79, -0.01
20.80, 0.79, -0.01
20.80, 0.79, -0.01
20.81, 0.79, -0.01
20.81, 0.79, -0.00
20.82, 0.79, -0.00
20.83, 0.79, -0.00
20.83, 0.79, -0.00
20.84, 0.79, -0.00
20.85, 0.79, -0.00
20.85, 0.79, -0.00
20.86, 0.79, -0.00
20.86, 0.79, -0.00
20.87, 0.79, -0.00
20.88, 0.79, 0.02
20.88, 0.79, 0.02
20.89, 0.79, 0.04
20.90, 0.79, 0.06
20.90, 0.79, 0.08
20.91, 0.79, 0.10
20.91, 0.79, 0.12
20.92, 0.79, 0.13
20.93, 0.79, 0.13
20.93, 0.79, 0.12
20.94, 0.79, 0.12
20.95, 0.79, 0.12
20.95, 0.79, 0.11
20.96, 0.79, 0.11
20.96, 0.79, 0.12
20.97, 0.79, 0.13
20.98, 0.79, 0.14
20.98, 0.79, 0.12
20.99, 0.79, 0.11
21.00, 0.79, 0.11
21.00, 0.79, 0.11
21.01, 0.79, 0.12
21.01, 0.79, 0.11
21.02, 0.79, 0.11
21.03, 0.79, 0.12
21.03, 0.79, 0.11
21.04, 0.79, 0.12
21.05, 0.79, 0.13
21.05, 0.79, 0.11
21.06, 0.79, 0.11
21.06, 0.79, 0.11
21.07, 0.79, 0.11
21.08, 0.79, 0.12
21.08, 0.79, 0.12
21.09, 0.79, 0.12
21.10, 0.79, 0.11
21.10, 0.79, 0.11
21.11, 0.79, 0.12
21.12, 0.79, 0.14
21.12, 0.79, 0.16
21.13, 0.79, 0.21
21.13, 0.79, 0.34
21.14, 0.79, 0.47
21.15, 0.79, 0.57
21.15, 0.79, 0.64
21.16, 0.79, 0.72
21.16, 0.79, 0.83
21.17, 0.79, 0.92
21.18, 0.79, 1.01
21.18, 0.79, 1.08
21.19, 0.79, 1.17
21.20, 0.79, 1.27
21.20, 0.79, 1.37
21.21, 0.79, 1.50
21.22, 0.79, 1.52
21.23, 0.79, 1.54
21.23, 0.79, 1.57
21.24, 0.79, 1.62
21.25, 0.79, 1.66
21.25, 0.79, 1.68
21.26, 0.79, 1.69
21.26, 0.79, 1.72
21.27, 0.79, 1.76
21.28, 0.79, 1.79
21.28, 0.79, 1.82
21.29, 0.79, 1.83
21.30, 0.79, 1.83
21.30, 0.79, 1.83
21.31, 0.79, 1.82
21.31, 0.79, 1.81
21.32, 0.79, 1.79
21.33, 0.79, 1.78
21.33, 0.79, 1.77
21.34, 0.79, 1.76
21.35, 0.79, 1.78
21.35, 0.79, 1.80
21.36, 0.79, 1.81
21.36, 0.79, 1.80
21.37, 0.79, 1.78
21.38, 0.79, 1.77
21.38, 0.79, 1.78
21.39, 0.79, 1.78
21.40, 0.79, 1.78
21.40, 0.79, 1.79
21.41, 0.79, 1.78
21.41, 0.79, 1.77
21.42, 0.79, 1.76
21.43, 0.79, 1.74
21.43, 0.79, 1.68
21.44, 0.79, 1.65
21.45, 0.79, 1.63
21.45, 0.79, 1.58
21.46, 0.79, 1.46
21.46, 0.79, 1.37
21.47, 0.79, 1.31
21.48, 0.79, 1.26
21.48, 0.79, 1.22
21.49, 0.79, 1.21
21.50, 0.79, 1.24
21.50, 0.79, 1.27
21.51, 0.79, 1.28
21.51, 0.79, 1.28
21.52, 0.79, 1.27
21.53, 0.79, 1.25
21.53, 0.79, 1.28
21.54, 0.79, 1.27
21.55, 0.79, 1.26
21.55, 0.79, 1.24
21.56, 0.79, 1.21
21.56, 0.79, 1.21
21.57, 0.79, 1.21
21.58, 0.79, 1.20
21.58, 0.79, 1.18
21.59, 0.79, 1.12
21.60, 0.79, 1.05
21.60, 0.79, 0.95
21.61, 0.79, 0.86
21.61, 0.79, 0.77
21.62, 0.79, 0.69
21.63, 0.79, 0.55
21.63, 0.79, 0.44
21.64, 0.79, 0.37
21.65, 0.79, 0.32
21.65, 0.79, 0.33
21.66, 0.79, 0.37
21.66, 0.79, 0.40
21.67, 0.79, 0.43
21.68, 0.79, 0.45
21.68, 0.79, 0.45
21.69, 0.79, 0.45
21.70, 0.79, 0.45
21.70, 0.79, 0.44
21.71, 0.79, 0.43
21.71, 0.79, 0.43
21.72, 0.79, 0.43
21.73, 0.79, 0.43
21.73, 0.79, 0.43
21.74, 0.79, 0.43
21.75, 0.79, 0.43
21.75, 0.79, 0.43
21.76, 0.79, 0.43
21.76, 0.79, 0.43
21.77, 0.79, 0.43
21.78, 0.79, 0.43
21.78, 0.79, 0.43
21.79, 0.79, 0.43
21.80, 0.79, 0.43
21.80, 0.79, 0.43
21.81, 0.79, 0.43
21.81, 0.79, 0.43
21.82, 0.79, 0.43
21.83, 0.79, 0.43
21.83, 0.79, 0.43
21.84, 0.79, 0.43
21.85, 0.79, 0.43
21.85, 0.79, 0.43
21.86, 0.79, 0.43
21.86, 0.79, 0.43
21.88, 0.79, 0.43
21.88, 0.79, 0.43
21.89, 0.79, 0.43
21.90, 0.79, 0.44
21.90, 0.79, 0.44
21.91, 0.79, 0.44
21.91, 0.79, 0.44
21.92, 0.79, 0.44
21.93, 0.79, 0.44
21.93, 0.79, 0.45
21.94, 0.79, 0.45
21.95, 0.79, 0.45
21.95, 0.79, 0.46
21.96, 0.79, 0.46
21.96, 0.79, 0.47
21.97, 0.79, 0.47
21.98, 0.79, 0.47
21.98, 0.79, 0.45
21.99, 0.79, 0.45
22.00, 0.79, 0.46
22.00, 0.79, 0.46
22.01, 0.79, 0.47
22.01, 0.79, 0.46
22.02, 0.79, 0.46
22.03, 0.79, 0.46
22.03, 0.79, 0.45
22.04, 0.79, 0.46
22.05, 0.79, 0.46
22.05, 0.79, 0.46
22.06, 0.79, 0.46
22.06, 0.79, 0.47
22.07, 0.79, 0.47
22.08, 0.79, 0.47
22.08, 0.79, 0.46
22.09, 0.79, 0.46
22.10, 0.79, 0.46
22.10, 0.79, 0.46
22.11, 0.79, 0.46
22.12, 0.79, 0.46
22.12, 0.79, 0.46
22.13, 0.79, 0.46
22.13, 0.79, 0.45
22.14, 0.79, 0.46
22.15, 0.79, 0.46
22.15, 0.79, 0.46
22.16, 0.79, 0.46
22.17, 0.79, 0.46
22.17, 0.79, 0.46
22.18, 0.79, 0.46
22.18, 0.79, 0.46
22.19, 0.79, 0.46
22.20, 0.79, 0.46
22.20, 0.79, 0.46
22.21, 0.79, 0.46
22.22, 0.79, 0.43
22.22, 0.79, 0.42
22.23, 0.79, 0.44
22.23, 0.79, 0.45
22.24, 0.79, 0.47
22.25, 0.79, 0.47
22.25, 0.79, 0.45
22.26, 0.79, 0.45
22.27, 0.79, 0.44
22.27, 0.79, 0.44
22.28, 0.79, 0.45
22.28, 0.79, 0.45
22.29, 0.79, 0.45
22.30, 0.79, 0.45
22.30, 0.79, 0.45
22.31, 0.79, 0.45
22.32, 0.79, 0.45
22.32, 0.79, 0.44
22.33, 0.79, 0.45
22.33, 0.79, 0.45
22.34, 0.79, 0.46
22.35, 0.79, 0.44
22.35, 0.79, 0.43
22.36, 0.79, 0.44
22.37, 0.79, 0.44
22.37, 0.79, 0.45
22.38, 0.79, 0.46
22.38, 0.79, 0.46
22.39, 0.79, 0.45
22.40, 0.79, 0.44
22.40, 0.79, 0.44
22.41, 0.79, 0.44
22.42, 0.79, 0.45
22.42, 0.79, 0.45
22.43, 0.79, 0.44
22.43, 0.79, 0.43
22.44, 0.79, 0.43
22.45, 0.79, 0.44
22.45, 0.79, 0.44
22.46, 0.79, 0.43
22.47, 0.79, 0.44
22.47, 0.79, 0.44
22.48, 0.79, 0.45
22.48, 0.79, 0.48
22.49, 0.79, 0.51
22.50, 0.79, 0.60
22.50, 0.79, 0.69
22.51, 0.79, 0.80
22.52, 0.79, 0.90
22.52, 0.79, 0.99
22.53, 0.79, 1.07
22.54, 0.79, 1.29
22.55, 0.79, 1.41
22.55, 0.79, 1.49
22.56, 0.79, 1.56
22.57, 0.79, 1.62
22.57, 0.79, 1.68
22.58, 0.79, 1.73
22.58, 0.79, 1.78
22.59, 0.79, 1.81
22.60, 0.79, 1.83
22.60, 0.79, 1.81
22.61, 0.79, 1.77
22.62, 0.79, 1.74
22.62, 0.79, 1.74
22.63, 0.79, 1.75
22.63, 0.79, 1.76
22.64, 0.79, 1.79
22.65, 0.79, 1.81
22.65, 0.79, 1.81
22.66, 0.79, 1.79
22.67, 0.79, 1.77
22.67, 0.79, 1.76
22.68, 0.79, 1.75
22.68, 0.79, 1.73
22.69, 0.79, 1.68
22.70, 0.79, 1.62
22.70, 0.79, 1.54
22.71, 0.79, 1.43
22.72, 0.79, 1.31
22.72, 0.79, 1.24
22.73, 1.57, 1.22
22.73, 1.57, 1.25
22.74, 1.57, 1.31
22.75, 1.57, 1.33
22.75, 1.57, 1.35
22.76, 1.57, 1.35
22.77, 1.57, 1.35
22.77, 1.57, 1.35
22.78, 1.57, 1.35
22.78, 1.57, 1.34
22.79, 1.57, 1.34
22.80, 1.57, 1.33
22.80, 1.57, 1.33
22.81, 1.57, 1.33
22.82, 1.57, 1.33
22.82, 1.57, 1.33
22.83, 1.57, 1.33
22.83, 1.57, 1.33
22.84, 1.57, 1.33
22.85, 1.57, 1.33
22.85, 1.57, 1.32
22.86, 1.57, 1.32
22.87, 1.57, 1.32
22.87, 1.57, 1.32
22.88, 1.57, 1.32
22.88, 1.57, 1.32
22.89, 1.57, 1.32
22.90, 1.57, 1.32
22.90, 1.57, 1.32
22.91, 1.57, 1.32
22.92, 1.57, 1.33
22.92, 1.57, 1.33
22.93, 1.57, 1.33
22.93, 1.57, 1.33
22.94, 1.57, 1.32
22.95, 1.57, 1.32
22.95, 1.57, 1.32
22.96, 1.57, 1.32
22.97, 1.57, 1.32
22.97, 1.57, 1.33
22.98, 1.57, 1.33
22.98, 1.57, 1.33
22.99, 1.57, 1.33
23.00, 1.57, 1.33
23.00, 1.57, 1.32
23.01, 1.57, 1.32
23.01, 1.57, 1.32
23.02, 1.57, 1.33
23.03, 1.57, 1.33
23.03, 1.57, 1.32
23.04, 1.57, 1.32
23.05, 1.57, 1.32
23.05, 1.57, 1.33
23.06, 1.57, 1.33
23.06, 1.57, 1.33
23.07, 1.57, 1.33
23.08, 1.57, 1.33
23.08, 1.57, 1.33
23.09, 1.57, 1.33
23.10, 1.57, 1.33
23.10, 1.57, 1.33
23.11, 1.57, 1.33
23.12, 1.57, 1.33
23.12, 1.57, 1.33
23.13, 1.57, 1.33
23.13, 1.57, 1.33
23.14, 1.57, 1.33
23.15, 1.57, 1.33
23.15, 1.57, 1.33
23.16, 1.57, 1.33
23.17, 1.57, 1.34
23.17, 1.57, 1.34
23.18, 1.57, 1.34
23.18, 1.57, 1.34
23.19, 1.57, 1.33
23.20, 1.57, 1.33
23.21, 1.57, 1.33
23.22, 1.57, 1.34
23.22, 1.57, 1.34
23.23, 1.57, 1.34
23.23, 1.57, 1.34
23.24, 1.57, 1.34
23.25, 1.57, 1.34
23.25, 1.57, 1.34
23.26, 1.57, 1.34
23.27, 1.57, 1.34
23.27, 1.57, 1.34
23.28, 1.57, 1.34
23.28, 1.57, 1.33
23.29, 1.57, 1.32
23.30, 1.57, 1.32
23.30, 1.57, 1.32
23.31, 1.57, 1.33
23.32, 1.57, 1.34
23.32, 1.57, 1.35
23.33, 1.57, 1.35
23.33, 1.57, 1.34
23.34, 1.57, 1.34
23.35, 1.57, 1.34
23.35, 1.57, 1.35
23.36, 1.57, 1.35
23.37, 1.57, 1.33
23.37, 1.57, 1.32
23.38, 1.57, 1.32
23.38, 1.57, 1.35
23.39, 1.57, 1.36
23.40, 1.57, 1.34
23.40, 1.57, 1.33
23.41, 1.57, 1.32
23.42, 1.57, 1.34
23.42, 1.57, 1.35
23.43, 1.57, 1.35
23.43, 1.57, 1.33
23.44, 1.57, 1.33
23.45, 1.57, 1.33
23.45, 1.57, 1.33
23.46, 1.57, 1.34
23.47, 1.57, 1.33
23.47, 1.57, 1.33
23.48, 1.57, 1.33
23.48, 1.57, 1.34
23.49, 1.57, 1.34
23.50, 1.57, 1.34
23.50, 1.57, 1.34
23.51, 1.57, 1.34
23.52, 1.57, 1.34
23.52, 1.57, 1.35
23.53, 1.57, 1.35
23.53, 1.57, 1.35
23.54, 1.57, 1.34
23.55, 1.57, 1.34
23.55, 1.57, 1.34
23.56, 1.57, 1.35
23.57, 1.57, 1.35
23.57, 1.57, 1.34
23.58, 1.57, 1.34
23.58, 1.57, 1.35
23.59, 1.57, 1.35
23.60, 1.57, 1.35
23.60, 1.57, 1.35
23.61, 1.57, 1.36
23.62, 1.57, 1.36
23.62, 1.57, 1.36
23.63, 1.57, 1.37
23.63, 1.57, 1.37
23.64, 1.57, 1.38
23.65, 1.57, 1.38
23.65, 1.57, 1.38
23.66, 1.57, 1.38
23.67, 1.57, 1.38
23.67, 1.57, 1.38
23.68, 1.57, 1.38
23.68, 1.57, 1.38
23.69, 1.57, 1.38
23.70, 1.57, 1.38
23.70, 1.57, 1.39
23.71, 1.57, 1.39
23.72, 1.57, 1.38
23.72, 1.57, 1.38
23.73, 1.57, 1.38
23.73, 1.57, 1.38
23.74, 1.57, 1.38
23.75, 1.57, 1.38
23.75, 1.57, 1.37
23.76, 1.57, 1.38
23.77, 1.57, 1.38
23.77, 1.57, 1.39
23.78, 1.57, 1.39
23.78, 1.57, 1.39
23.79, 1.57, 1.38
23.80, 1.57, 1.39
23.80, 1.57, 1.39
23.81, 1.57, 1.39
23.82, 1.57, 1.40
23.82, 1.57, 1.41
23.83, 1.57, 1.43
23.83, 1.57, 1.43
23.84, 1.57, 1.41
23.85, 1.57, 1.40
23.85, 1.57, 1.39
23.87, 1.57, 1.39
23.87, 1.57, 1.39
23.88, 1.57, 1.40
23.88, 1.57, 1.43
23.89, 1.57, 1.48
23.90, 1.57, 1.55
23.90, 1.57, 1.62
23.91, 1.57, 1.68
23.92, 1.57, 1.74
23.92, 1.57, 1.81
23.93, 1.57, 1.87
23.93, 1.57, 1.91
23.94, 1.57, 1.91
23.95, 1.57, 1.87
23.95, 1.57, 1.83
23.96, 1.57, 1.82
23.97, 1.57, 1.84
23.97, 1.57, 1.85
23.98, 1.57, 1.87
23.98, 1.57, 1.87
23.99, 1.57, 1.88
24.00, 1.57, 1.86
24.00, 1.57, 1.85
24.01, 1.57, 1.85
24.02, 1.57, 1.86
24.02, 1.57, 1.86
24.03, 1.57, 1.86
24.03, 1.57, 1.86
24.04, 1.57, 1.85
24.05, 1.57, 1.86
24.05, 1.57, 1.86
24.06, 1.57, 1.85
24.07, 1.57, 1.85
24.07, 1.57, 1.85
24.08, 1.57, 1.85
24.08, 1.57, 1.85
24.09, 1.57, 1.84
24.10, 1.57, 1.83
24.10, 1.57, 1.83
24.11, 1.57, 1.82
24.12, 1.57, 1.81
24.12, 1.57, 1.80
24.13, 1.57, 1.79
24.13, 1.57, 1.78
24.14, 1.57, 1.77
24.15, 1.57, 1.77
24.15, 1.57, 1.77
24.16, 1.57, 1.77
24.17, 1.57, 1.77
24.17, 1.57, 1.77
24.18, 1.57, 1.77
24.18, 1.57, 1.76
24.19, 1.57, 1.76
24.20, 1.57, 1.76
24.20, 1.57, 1.76
24.21, 1.57, 1.76
24.22, 1.57, 1.76
24.22, 1.57, 1.76
24.23, 1.57, 1.76
24.23, 1.57, 1.76
24.24, 1.57, 1.76
24.25, 1.57, 1.76
24.25, 1.57, 1.76
24.26, 1.57, 1.76
24.27, 1.57, 1.76
24.27, 1.57, 1.75
24.28, 1.57, 1.75
24.28, 1.57, 1.74
24.29, 1.57, 1.73
24.30, 1.57, 1.71
24.30, 1.57, 1.69
24.31, 1.57, 1.66
24.32, 1.57, 1.60
24.32, 1.57, 1.57
24.33, 1.57, 1.52
24.34, 1.57, 1.46
24.34, 1.57, 1.39
24.35, 1.57, 1.34
24.35, 1.57, 1.32
24.36, 1.57, 1.32
24.37, 1.57, 1.35
24.37, 1.57, 1.36
24.38, 1.57, 1.38
24.39, 1.57, 1.39
24.39, 1.57, 1.39
24.40, 1.57, 1.38
24.40, 1.57, 1.38
24.41, 1.57, 1.38
24.42, 1.57, 1.37
24.42, 1.57, 1.37
24.43, 1.57, 1.37
24.44, 1.57, 1.37
24.44, 1.57, 1.38
24.45, 1.57, 1.38
24.45, 1.57, 1.38
24.46, 1.57, 1.37
24.47, 1.57, 1.37
24.47, 1.57, 1.37
24.48, 1.57, 1.38
24.49, 1.57, 1.38
24.49, 1.57, 1.39
24.50, 1.57, 1.39
24.50, 1.57, 1.38
24.51, 1.57, 1.36
24.52, 1.57, 1.37
24.53, 1.57, 1.37
24.54, 1.57, 1.38
24.54, 1.57, 1.38
24.55, 1.57, 1.38
24.55, 1.57, 1.39
24.56, 1.57, 1.38
24.57, 1.57, 1.38
24.57, 1.57, 1.36
24.58, 1.57, 1.36
24.59, 1.57, 1.36
24.59, 1.57, 1.37
24.60, 1.57, 1.38
24.60, 1.57, 1.39
24.61, 1.57, 1.39
24.62, 1.57, 1.39
24.62, 1.57, 1.39
24.63, 1.57, 1.41
24.64, 1.57, 1.43
24.64, 1.57, 1.47
24.65, 1.57, 1.53
24.65, 1.57, 1.59
24.66, 1.57, 1.63
24.67, 1.57, 1.67
24.67, 1.57, 1.70
24.68, 1.57, 1.73
24.69, 1.57, 1.77
24.69, 1.57, 1.81
24.70, 1.57, 1.85
24.70, 1.57, 1.89
24.71, 1.57, 1.90
24.72, 1.57, 1.87
24.72, 1.57, 1.84
24.73, 3.14, 1.84
24.74, 3.14, 1.84
24.74, 3.14, 1.84
24.75, 3.14, 1.85
24.75, 3.14, 1.86
24.76, 3.14, 1.87
24.77, 3.14, 1.84
24.77, 3.14, 1.83
24.78, 3.14, 1.84
24.79, 3.14, 1.86
24.79, 3.14, 1.88
24.80, 3.14, 1.88
24.80, 3.14, 1.88
24.81, 3.14, 1.89
24.82, 3.14, 1.87
24.82, 3.14, 1.87
24.83, 3.14, 1.86
24.83, 3.14, 1.86
24.84, 3.14, 1.87
24.85, 3.14, 1.88
24.85, 3.14, 1.89
24.86, 3.14, 1.90
24.87, 3.14, 1.89
24.87, 3.14, 1.87
24.88, 3.14, 1.86
24.88, 3.14, 1.87
24.89, 3.14, 1.88
24.90, 3.14, 1.89
24.90, 3.14, 1.88
24.91, 3.14, 1.88
24.92, 3.14, 1.88
24.92, 3.14, 1.87
24.93, 3.14, 1.87
24.93, 3.14, 1.87
24.94, 3.14, 1.88
24.95, 3.14, 1.89
24.95, 3.14, 1.90
24.96, 3.14, 1.91
24.97, 3.14, 1.94
24.97, 3.14, 2.02
24.98, 3.14, 2.19
24.98, 3.14, 2.35
24.99, 3.14, 2.46
25.00, 3.14, 2.59
25.00, 3.14, 2.71
25.01, 3.14, 2.83
25.02, 3.14, 2.93
25.02, 3.14, 3.08
25.03, 3.14, 3.21
25.03, 3.14, 3.30
25.04, 3.14, 3.37
25.05, 3.14, 3.45
25.05, 3.14, 3.50
25.06, 3.14, 3.56
25.07, 3.14, 3.63
25.07, 3.14, 3.69
25.08, 3.14, 3.72
25.08, 3.14, 3.69
25.09, 3.14, 3.68
25.10, 3.14, 3.66
25.10, 3.14, 3.65
25.11, 3.14, 3.64
25.12, 3.14, 3.65
25.12, 3.14, 3.65
25.13, 3.14, 3.65
25.13, 3.14, 3.65
25.14, 3.14, 3.65
25.15, 3.14, 3.65
25.15, 3.14, 3.64
25.16, 3.14, 3.64
25.17, 3.14, 3.63
25.17, 3.14, 3.62
25.18, 3.14, 3.60
25.19, 3.14, 3.59
25.20, 3.14, 3.58
25.20, 3.14, 3.57
25.21, 3.14, 3.56
25.22, 3.14, 3.55
25.22, 3.14, 3.55
25.23, 3.14, 3.55
25.23, 3.14, 3.56
25.24, 3.14, 3.56
25.25, 3.14, 3.56
25.25, 3.14, 3.55
25.26, 3.14, 3.55
25.27, 3.14, 3.54
25.27, 3.14, 3.53
25.28, 3.14, 3.50
25.28, 3.14, 3.47
25.29, 3.14, 3.42
25.30, 3.14, 3.36
25.30, 3.14, 3.29
25.31, 3.14, 3.22
25.32, 3.14, 3.14
25.32, 3.14, 3.10
25.33, 3.14, 3.08
25.34, 3.14, 3.09
25.34, 3.14, 3.10
25.35, 3.14, 3.13
25.35, 3.14, 3.15
25.36, 3.14, 3.17
25.37, 3.14, 3.15
25.37, 3.14, 3.15
25.38, 3.14, 3.14
25.39, 3.14, 3.12
25.39, 3.14, 3.12
25.40, 3.14, 3.14
25.40, 3.14, 3.15
25.41, 3.14, 3.15
25.42, 3.14, 3.14
25.42, 3.14, 3.13
25.43, 3.14, 3.13
25.44, 3.14, 3.14
25.44, 3.14, 3.14
25.45, 3.14, 3.13
25.45, 3.14, 3.13
25.46, 3.14, 3.13
25.47, 3.14, 3.14
25.47, 3.14, 3.14
25.48, 3.14, 3.14
25.49, 3.14, 3.12
25.49, 3.14, 3.12
25.50, 3.14, 3.13
25.50, 3.14, 3.14
25.51, 3.14, 3.15
25.52, 3.14, 3.13
25.52, 3.14, 3.13
25.53, 3.14, 3.13
25.54, 3.14, 3.14
25.54, 3.14, 3.14
25.55, 3.14, 3.13
25.55, 3.14, 3.13
25.56, 3.14, 3.13
25.57, 3.14, 3.14
25.57, 3.14, 3.15
25.58, 3.14, 3.14
25.59, 3.14, 3.12
25.59, 3.14, 3.11
25.60, 3.14, 3.12
25.60, 3.14, 3.14
25.61, 3.14, 3.15
25.62, 3.14, 3.14
25.62, 3.14, 3.13
25.63, 3.14, 3.13
25.64, 3.14, 3.13
25.64, 3.14, 3.13
25.65, 3.14, 3.13
25.65, 3.14, 3.12
25.66, 3.14, 3.12
25.67, 3.14, 3.14
25.67, 3.14, 3.14
25.68, 3.14, 3.13
25.69, 3.14, 3.11
25.69, 3.14, 3.10
25.70, 3.14, 3.12
25.70, 3.14, 3.14
25.71, 3.14, 3.14
25.72, 3.14, 3.13
25.72, 3.14, 3.12
25.73, 3.14, 3.13
25.74, 3.14, 3.14
25.74, 3.14, 3.14
25.75, 3.14, 3.13
25.75, 3.14, 3.12
25.76, 3.14, 3.12
25.77, 3.14, 3.13
25.77, 3.14, 3.14
25.78, 3.14, 3.14
25.79, 3.14, 3.14
25.79, 3.14, 3.13
25.80, 3.14, 3.13
25.80, 3.14, 3.13
25.81, 3.14, 3.13
25.82, 3.14, 3.14
25.82, 3.14, 3.13
25.83, 3.14, 3.13
25.84, 3.14, 3.13
25.85, 3.14, 3.13
25.85, 3.14, 3.13
25.86, 3.14, 3.13
25.87, 3.14, 3.13
25.87, 3.14, 3.13
25.88, 3.14, 3.13
25.89, 3.14, 3.13
25.89, 3.14, 3.13
25.90, 3.14, 3.13
25.90, 3.14, 3.13
25.91, 3.14, 3.13
25.92, 3.14, 3.13
25.92, 3.14, 3.13
25.93, 3.14, 3.13
25.94, 3.14, 3.13
25.94, 3.14, 3.13
25.95, 3.14, 3.13
25.95, 3.14, 3.13
25.96, 3.14, 3.13
25.97, 3.14, 3.13
25.97, 3.14, 3.13
25.98, 3.14, 3.13
25.99, 3.14, 3.13
25.99, 3.14, 3.13
26.00, 3.14, 3.13
26.00, 3.14, 3.13
26.01, 3.14, 3.13
26.02, 3.14, 3.13
26.02, 3.14, 3.14
26.03, 3.14, 3.13
26.04, 3.14, 3.13
26.04, 3.14, 3.13
26.05, 3.14, 3.13
26.05, 3.14, 3.13
26.06, 3.14, 3.13
26.07, 3.14, 3.13
26.07, 3.14, 3.14
26.08, 3.14, 3.14
26.09, 3.14, 3.13
26.09, 3.14, 3.13
26.10, 3.14, 3.13
26.10, 3.14, 3.14
26.11, 3.14, 3.14
26.12, 3.14, 3.13
26.12, 3.14, 3.13
26.13, 3.14, 3.13
26.14, 3.14, 3.13
26.14, 3.14, 3.14
26.15, 3.14, 3.14
26.15, 3.14, 3.13
26.16, 3.14, 3.13
26.17, 3.14, 3.13
26.17, 3.14, 3.14
26.18, 3.14, 3.14
26.19, 3.14, 3.13
26.19, 3.14, 3.14
26.20, 3.14, 3.13
26.20, 3.14, 3.14
26.21, 3.14, 3.14
26.22, 3.14, 3.14
26.22, 3.14, 3.14
26.23, 3.14, 3.13
26.24, 3.14, 3.13
26.24, 3.14, 3.14
26.25, 3.14, 3.13
26.25, 3.14, 3.13
26.26, 3.14, 3.14
26.27, 3.14, 3.14
26.27, 3.14, 3.14
26.28, 3.14, 3.13
26.29, 3.14, 3.13
26.29, 3.14, 3.14
26.30, 3.14, 3.13
26.30, 3.14, 3.13
26.31, 3.14, 3.13
26.32, 3.14, 3.13
26.32, 3.14, 3.13
26.33, 3.14, 3.13
26.34, 3.14, 3.13
26.34, 3.14, 3.13
26.35, 3.14, 3.13
26.35, 3.14, 3.13
26.36, 3.14, 3.13
26.37, 3.14, 3.13
26.37, 3.14, 3.13
26.38, 3.14, 3.13
26.39, 3.14, 3.13
26.39, 3.14, 3.13
26.40, 3.14, 3.13
26.40, 3.14, 3.13
26.41, 3.14, 3.13
26.42, 3.14, 3.12
26.42, 3.14, 3.12
26.43, 3.14, 3.12
26.44, 3.14, 3.11
26.44, 3.14, 3.11
26.45, 3.14, 3.11
26.45, 3.14, 3.10
26.46, 3.14, 3.09
26.47, 3.14, 3.09
26.47, 3.14, 3.07
26.48, 3.14, 3.05
26.49, 3.14, 3.01
26.49, 3.14, 2.93
26.50, 3.14, 2.79
26.51, 3.14, 2.49
26.52, 3.14, 2.37
26.52, 3.14, 2.25
26.53, 3.14, 2.14
26.54, 3.14, 2.07
26.54, 3.14, 2.02
26.55, 3.14, 1.96
26.55, 3.14, 1.88
26.56, 3.14, 1.81
26.57, 3.14, 1.80
26.57, 3.14, 1.81
26.58, 3.14, 1.86
26.59, 3.14, 1.88
26.59, 3.14, 1.87
26.60, 3.14, 1.87
26.61, 3.14, 1.86
26.61, 3.14, 1.85
26.62, 3.14, 1.85
26.62, 3.14, 1.85
26.63, 3.14, 1.86
26.64, 3.14, 1.87
26.64, 3.14, 1.89
26.65, 3.14, 1.91
26.65, 3.14, 1.97
26.66, 3.14, 2.07
26.67, 3.14, 2.25
26.67, 3.14, 2.40
26.68, 3.14, 2.58
26.69, 3.14, 2.72
26.69, 3.14, 2.85
26.70, 3.14, 2.97
26.70, 3.14, 3.16
26.71, 3.14, 3.29
26.72, 3.14, 3.43
26.72, 3.14, 3.54
26.73, -0.79, 3.67
26.74, -0.79, 3.74
26.74, -0.79, 3.75
26.75, -0.79, 3.73
26.75, -0.79, 3.67
26.76, -0.79, 3.62
26.77, -0.79, 3.57
26.77, -0.79, 3.54
26.78, -0.79, 3.47
26.79, -0.79, 3.39
26.79, -0.79, 3.29
26.80, -0.79, 3.14
26.80, -0.79, 3.01
26.81, -0.79, 2.92
26.82, -0.79, 2.78
26.82, -0.79, 2.63
26.83, -0.79, 2.50
26.84, -0.79, 2.36
26.84, -0.79, 2.20
26.85, -0.79, 2.08
26.85, -0.79, 1.96
26.86, -0.79, 1.83
26.87, -0.79, 1.71
26.87, -0.79, 1.58
26.88, -0.79, 1.44
26.89, -0.79, 1.27
26.89, -0.79, 1.16
26.90, -0.79, 1.02
26.90, -0.79, 0.90
26.91, -0.79, 0.79
26.92, -0.79, 0.67
26.92, -0.79, 0.53
26.93, -0.79, 0.40
26.94, -0.79, 0.33
26.94, -0.79, 0.30
26.95, -0.79, 0.28
26.95, -0.79, 0.26
26.96, -0.79, 0.23
26.97, -0.79, 0.20
26.97, -0.79, 0.12
26.98, -0.79, 0.04
26.99, -0.79, 0.00
26.99, -0.79, -0.05
27.00, -0.79, -0.07
27.00, -0.79, -0.09
27.01, -0.79, -0.10
27.02, -0.79, -0.11
27.02, -0.79, -0.13
27.03, -0.79, -0.14
27.04, -0.79, -0.16
27.04, -0.79, -0.17
27.05, -0.79, -0.18
27.05, -0.79, -0.17
27.06, -0.79, -0.18
27.07, -0.79, -0.18
27.07, -0.79, -0.18
27.08, -0.79, -0.18
27.09, -0.79, -0.18
27.09, -0.79, -0.19
27.10, -0.79, -0.19
27.10, -0.79, -0.19
27.11, -0.79, -0.19
27.12, -0.79, -0.19
27.12, -0.79, -0.19
27.13, -0.79, -0.19
27.14, -0.79, -0.19
27.14, -0.79, -0.19
27.15, -0.79, -0.19
27.15, -0.79, -0.20
27.16, -0.79, -0.20
27.17, -0.79, -0.21
27.18, -0.79, -0.22
27.19, -0.79, -0.23
27.19, -0.79, -0.24
27.20, -0.79, -0.25
27.20, -0.79, -0.27
27.21, -0.79, -0.28
27.22, -0.79, -0.32
27.22, -0.79, -0.38
27.23, -0.79, -0.44
27.24, -0.79, -0.47
27.24, -0.79, -0.49
27.25, -0.79, -0.49
27.25, -0.79, -0.46
27.26, -0.79, -0.43
27.27, -0.79, -0.42
27.27, -0.79, -0.43
27.28, -0.79, -0.44
27.29, -0.79, -0.44
27.29, -0.79, -0.44
27.30, -0.79, -0.44
27.30, -0.79, -0.44
27.31, -0.79, -0.44
27.32, -0.79, -0.44
27.32, -0.79, -0.44
27.33, -0.79, -0.45
27.34, -0.79, -0.45
27.34, -0.79, -0.45
27.35, -0.79, -0.46
27.35, -0.79, -0.46
27.36, -0.79, -0.46
27.37, -0.79, -0.46
27.37, -0.79, -0.46
27.38, -0.79, -0.46
27.39, -0.79, -0.46
27.39, -0.79, -0.44
27.40, -0.79, -0.45
27.40, -0.79, -0.46
27.41, -0.79, -0.46
27.42, -0.79, -0.47
27.42, -0.79, -0.45
27.43, -0.79, -0.46
27.44, -0.79, -0.46
27.44, -0.79, -0.45
27.45, -0.79, -0.47
27.45, -0.79, -0.46
27.46, -0.79, -0.46
27.47, -0.79, -0.46
27.47, -0.79, -0.45
27.48, -0.79, -0.46
27.49, -0.79, -0.46
27.49, -0.79, -0.45
27.50, -0.79, -0.46
27.50, -0.79, -0.46
27.51, -0.79, -0.46
27.52, -0.79, -0.47
27.52, -0.79, -0.46
27.53, -0.79, -0.46
27.54, -0.79, -0.45
27.54, -0.79, -0.44
27.55, -0.79, -0.47
27.55, -0.79, -0.47
27.56, -0.79, -0.46
27.57, -0.79, -0.44
27.57, -0.79, -0.43
27.58, -0.79, -0.45
27.59, -0.79, -0.46
27.59, -0.79, -0.46
27.60, -0.79, -0.45
27.61, -0.79, -0.44
27.61, -0.79, -0.44
27.62, -0.79, -0.44
27.62, -0.79, -0.44
27.63, -0.79, -0.45
27.64, -0.79, -0.45
27.64, -0.79, -0.45
27.65, -0.79, -0.45
27.66, -0.79, -0.45
27.66, -0.79, -0.45
27.67, -0.79, -0.45
27.67, -0.79, -0.45
27.68, -0.79, -0.45
27.69, -0.79, -0.46
27.69, -0.79, -0.46
27.70, -0.79, -0.46
27.71, -0.79, -0.47
27.71, -0.79, -0.48
27.72, -0.79, -0.50
27.72, -0.79, -0.52
27.73, -0.79, -0.58
27.74, -0.79, -0.67
27.74, -0.79, -0.81
27.75, -0.79, -0.95
27.76, -0.79, -1.11
27.76, -0.79, -1.25
27.77, -0.79, -1.41
27.77, -0.79, -1.51
27.78, -0.79, -1.65
27.79, -0.79, -1.79
27.79, -0.79, -1.90
27.80, -0.79, -2.00
27.81, -0.79, -2.05
27.81, -0.79, -2.08
27.82, -0.79, -2.09
27.82, -0.79, -2.07
27.84, -0.79, -1.97
27.84, -0.79, -1.91
27.85, -0.79, -1.81
27.86, -0.79, -1.71
27.86, -0.79, -1.64
27.87, -0.79, -1.58
27.87, -0.79, -1.47
27.88, -0.79, -1.35
27.89, -0.79, -1.25
27.89, -0.79, -1.18
27.90, -0.79, -1.08
27.91, -0.79, -1.00
27.91, -0.79, -0.93
27.92, -0.79, -0.85
27.92, -0.79, -0.79
27.93, -0.79, -0.77
27.94, -0.79, -0.78
27.94, -0.79, -0.80
27.95, -0.79, -0.81
27.96, -0.79, -0.84
27.96, -0.79, -0.85
27.97, -0.79, -0.84
27.97, -0.79, -0.84
27.98, -0.79, -0.84
27.99, -0.79, -0.84
27.99, -0.79, -0.85
28.00, -0.79, -0.84
28.01, -0.79, -0.84
28.01, -0.79, -0.83
28.02, -0.79, -0.83
28.02, -0.79, -0.84
28.03, -0.79, -0.84
28.04, -0.79, -0.84
28.04, -0.79, -0.85
28.05, -0.79, -0.84
28.06, -0.79, -0.85
28.06, -0.79, -0.84
28.07, -0.79, -0.83
28.07, -0.79, -0.85
28.08, -0.79, -0.84
28.09, -0.79, -0.85
28.09, -0.79, -0.85
28.10, -0.79, -0.84
28.11, -0.79, -0.85
28.11, -0.79, -0.85
28.12, -0.79, -0.85
28.12, -0.79, -0.86
28.13, -0.79, -0.84
28.14, -0.79, -0.84
28.14, -0.79, -0.84
28.15, -0.79, -0.84
28.16, -0.79, -0.84
28.16, -0.79, -0.84
28.17, -0.79, -0.85
28.17, -0.79, -0.86
28.18, -0.79, -0.84
28.19, -0.79, -0.84
28.19, -0.79, -0.84
28.20, -0.79, -0.83
28.21, -0.79, -0.85
28.21, -0.79, -0.85
28.22, -0.79, -0.85
28.22, -0.79, -0.85
28.23, -0.79, -0.85
28.24, -0.79, -0.84
28.24, -0.79, -0.84
28.25, -0.79, -0.85
28.26, -0.79, -0.87
28.26, -0.79, -0.86
28.27, -0.79, -0.84
28.27, -0.79, -0.83
28.28, -0.79, -0.84
28.29, -0.79, -0.86
28.29, -0.79, -0.86
28.30, -0.79, -0.84
28.31, -0.79, -0.83
28.31, -0.79, -0.83
28.32, -0.79, -0.85
28.32, -0.79, -0.86
28.33, -0.79, -0.85
28.34, -0.79, -0.83
28.34, -0.79, -0.83
28.35, -0.79, -0.84
28.36, -0.79, -0.85
28.36, -0.79, -0.85
28.37, -0.79, -0.84
28.37, -0.79, -0.82
28.38, -0.79, -0.83
28.39, -0.79, -0.85
28.39, -0.79, -0.85
28.40, -0.79, -0.86
28.41, -0.79, -0.85
28.41, -0.79, -0.85
28.42, -0.79, -0.85
28.42, -0.79, -0.85
28.43, -0.79, -0.85
28.44, -0.79, -0.85
28.44, -0.79, -0.84
28.45, -0.79, -0.85
28.45, -0.79, -0.84
28.46, -0.79, -0.84
28.47, -0.79, -0.85
28.47, -0.79, -0.84
28.48, -0.79, -0.84
28.49, -0.79, -0.84
28.50, -0.79, -0.84
28.50, -0.79, -0.83
28.51, -0.79, -0.83
28.52, -0.79, -0.84
28.52, -0.79, -0.83
28.53, -0.79, -0.83
28.54, -0.79, -0.83
28.54, -0.79, -0.83
28.55, -0.79, -0.84
28.55, -0.79, -0.84
28.56, -0.79, -0.84
28.57, -0.79, -0.84
28.57, -0.79, -0.82
28.58, -0.79, -0.82
28.59, -0.79, -0.83
28.59, -0.79, -0.83
28.60, -0.79, -0.83
28.61, -0.79, -0.82
28.61, -0.79, -0.82
28.62, -0.79, -0.83
28.62, -0.79, -0.82
28.63, -0.79, -0.82
28.64, -0.79, -0.83
28.64, -0.79, -0.84
28.65, -0.79, -0.84
28.66, -0.79, -0.82
28.66, -0.79, -0.81
28.67, -0.79, -0.82
28.67, -0.79, -0.83
28.68, -0.79, -0.83
28.69, -0.79, -0.83
28.69, -0.79, -0.82
28.70, -0.79, -0.82
28.71, -0.79, -0.82
28.71, -0.79, -0.82
28.72, -0.79, -0.82
28.72, -0.79, -0.82
28.73, -0.79, -0.82
28.74, 0.00, -0.82
28.74, 0.00, -0.81
28.75, 0.00, -0.82
28.76, 0.00, -0.82
28.76, 0.00, -0.82
28.77, 0.00, -0.82
28.77, 0.00, -0.81
28.78, 0.00, -0.81
28.79, 0.00, -0.82
28.79, 0.00, -0.82
28.80, 0.00, -0.82
28.81, 0.00, -0.81
28.81, 0.00, -0.81
28.82, 0.00, -0.80
28.82, 0.00, -0.81
28.83, 0.00, -0.80
28.84, 0.00, -0.80
28.84, 0.00, -0.80
28.85, 0.00, -0.79
28.86, 0.00, -0.78
28.86, 0.00, -0.76
28.87, 0.00, -0.70
28.87, 0.00, -0.60
28.88, 0.00, -0.50
28.89, 0.00, -0.41
28.89, 0.00, -0.33
28.90, 0.00, -0.25
28.91, 0.00, -0.18
28.91, 0.00, -0.10
28.92, 0.00, -0.02
28.92, 0.00, 0.07
28.93, 0.00, 0.13
28.94, 0.00, 0.17
28.94, 0.00, 0.23
28.95, 0.00, 0.35
28.96, 0.00, 0.47
28.96, 0.00, 0.55
28.97, 0.00, 0.61
28.97, 0.00, 0.66
28.98, 0.00, 0.71
28.99, 0.00, 0.75
28.99, 0.00, 0.78
29.00, 0.00, 0.78
29.01, 0.00, 0.77
29.01, 0.00, 0.76
29.02, 0.00, 0.73
29.02, 0.00, 0.71
29.03, 0.00, 0.69
29.04, 0.00, 0.68
29.04, 0.00, 0.66
29.05, 0.00, 0.64
29.06, 0.00, 0.61
29.06, 0.00, 0.55
29.07, 0.00, 0.46
29.07, 0.00, 0.42
29.08, 0.00, 0.41
29.09, 0.00, 0.41
29.09, 0.00, 0.42
29.10, 0.00, 0.44
29.11, 0.00, 0.46
29.11, 0.00, 0.46
29.12, 0.00, 0.45
29.12, 0.00, 0.45
29.13, 0.00, 0.44
29.14, 0.00, 0.44
29.14, 0.00, 0.44
29.15, 0.00, 0.45
29.16, 0.00, 0.45
29.17, 0.00, 0.44
29.17, 0.00, 0.43
29.18, 0.00, 0.44
29.19, 0.00, 0.45
29.19, 0.00, 0.45
29.20, 0.00, 0.45
29.21, 0.00, 0.44
29.21, 0.00, 0.44
29.22, 0.00, 0.44
29.22, 0.00, 0.44
29.23, 0.00, 0.44
29.24, 0.00, 0.45
29.24, 0.00, 0.45
29.25, 0.00, 0.45
29.26, 0.00, 0.44
29.26, 0.00, 0.44
29.27, 0.00, 0.44
29.27, 0.00, 0.44
29.28, 0.00, 0.44
29.29, 0.00, 0.44
29.29, 0.00, 0.44
29.30, 0.00, 0.44
29.31, 0.00, 0.43
29.31, 0.00, 0.43
29.32, 0.00, 0.42
29.32, 0.00, 0.42
29.33, 0.00, 0.41
29.34, 0.00, 0.41
29.34, 0.00, 0.40
29.35, 0.00, 0.39
29.36, 0.00, 0.38
29.36, 0.00, 0.35
29.37, 0.00, 0.30
29.37, 0.00, 0.23
29.38, 0.00, 0.07
29.39, 0.00, -0.09
29.39, 0.00, -0.20
29.40, 0.00, -0.31
29.41, 0.00, -0.41
29.41, 0.00, -0.50
29.42, 0.00, -0.54
29.42, 0.00, -0.58
29.43, 0.00, -0.62
29.44, 0.00, -0.70
29.44, 0.00, -0.81
29.45, 0.00, -0.94
29.46, 0.00, -1.04
29.46, 0.00, -1.16
29.47, 0.00, -1.26
29.47, 0.00, -1.36
29.48, 0.00, -1.41
29.49, 0.00, -1.43
29.49, 0.00, -1.42
29.50, 0.00, -1.35
29.51, 0.00, -1.31
29.51, 0.00, -1.27
29.52, 0.00, -1.28
29.52, 0.00, -1.29
29.53, 0.00, -1.29
29.54, 0.00, -1.29
29.54, 0.00, -1.26
29.55, 0.00, -1.23
29.56, 0.00, -1.21
29.56, 0.00, -1.13
29.57, 0.00, -1.04
29.57, 0.00, -0.97
29.58, 0.00, -0.84
29.59, 0.00, -0.74
29.59, 0.00, -0.65
29.60, 0.00, -0.51
29.61, 0.00, -0.37
29.61, 0.00, -0.27
29.62, 0.00, -0.16
29.62, 0.00, -0.06
29.63, 0.00, 0.06
29.64, 0.00, 0.14
29.64, 0.00, 0.18
29.65, 0.00, 0.21
29.66, 0.00, 0.26
29.66, 0.00, 0.31
29.67, 0.00, 0.40
29.67, 0.00, 0.48
29.68, 0.00, 0.52
29.69, 0.00, 0.54
29.69, 0.00, 0.54
29.70, 0.00, 0.51
29.71, 0.00, 0.44
29.71, 0.00, 0.41
29.72, 0.00, 0.41
29.72, 0.00, 0.41
29.73, 0.00, 0.42
29.74, 0.00, 0.44
29.74, 0.00, 0.45
29.75, 0.00, 0.44
29.76, 0.00, 0.44
29.76, 0.00, 0.43
29.77, 0.00, 0.42
29.77, 0.00, 0.42
29.78, 0.00, 0.44
29.79, 0.00, 0.45
29.79, 0.00, 0.45
29.80, 0.00, 0.43
29.81, 0.00, 0.42
29.81, 0.00, 0.43
29.83, 0.00, 0.46
29.83, 0.00, 0.44
29.84, 0.00, 0.43
29.84, 0.00, 0.43
29.85, 0.00, 0.44
29.86, 0.00, 0.45
29.86, 0.00, 0.45
29.87, 0.00, 0.45
29.88, 0.00, 0.45
29.88, 0.00, 0.44
29.89, 0.00, 0.44
29.89, 0.00, 0.44
29.90, 0.00, 0.44
29.91, 0.00, 0.44
29.91, 0.00, 0.44
29.92, 0.00, 0.44
29.93, 0.00, 0.44
29.93, 0.00, 0.44
29.94, 0.00, 0.44
29.94, 0.00, 0.43
29.95, 0.00, 0.42
29.96, 0.00, 0.42
29.96, 0.00, 0.41
29.97, 0.00, 0.40
29.98, 0.00, 0.38
29.98, 0.00, 0.35
29.99, 0.00, 0.29
29.99, 0.00, 0.19
30.00, 0.00, 0.01
30.01, 0.00, -0.12
30.01, 0.00, -0.25
30.02, 0.00, -0.36
30.03, 0.00, -0.49
30.03, 0.00, -0.55
30.04, 0.00, -0.61
30.04, 0.00, -0.67
30.05, 0.00, -0.80
30.06, 0.00, -0.91
30.06, 0.00, -0.99
30.07, 0.00, -1.08
30.08, 0.00, -1.13
30.08, 0.00, -1.17
30.09, 0.00, -1.18
30.09, 0.00, -1.17
30.10, 0.00, -1.15
30.11, 0.00, -1.11
30.11, 0.00, -1.06
30.12, 0.00, -1.00
30.13, 0.00, -0.94
30.13, 0.00, -0.86
30.14, 0.00, -0.79
30.14, 0.00, -0.76
30.15, 0.00, -0.73
30.16, 0.00, -0.70
30.16, 0.00, -0.65
30.17, 0.00, -0.54
30.18, 0.00, -0.44
30.18, 0.00, -0.35
30.19, 0.00, -0.29
30.19, 0.00, -0.22
30.20, 0.00, -0.15
30.21, 0.00, -0.10
30.21, 0.00, -0.05
30.22, 0.00, -0.00
30.23, 0.00, 0.07
30.23, 0.00, 0.11
30.24, 0.00, 0.11
30.24, 0.00, 0.08
30.25, 0.00, 0.04
30.26, 0.00, 0.02
30.26, 0.00, 0.02
30.27, 0.00, 0.04
30.27, 0.00, 0.05
30.28, 0.00, 0.06
30.29, 0.00, 0.08
30.29, 0.00, 0.07
30.30, 0.00, 0.06
30.31, 0.00, 0.06
30.31, 0.00, 0.06
30.32, 0.00, 0.07
30.32, 0.00, 0.07
30.33, 0.00, 0.08
30.34, 0.00, 0.08
30.34, 0.00, 0.08
30.35, 0.00, 0.07
30.36, 0.00, 0.06
30.36, 0.00, 0.06
30.37, 0.00, 0.06
30.37, 0.00, 0.06
30.38, 0.00, 0.07
30.39, 0.00, 0.07
30.39, 0.00, 0.06
30.40, 0.00, 0.06
30.41, 0.00, 0.06
30.41, 0.00, 0.06
30.42, 0.00, 0.06
30.42, 0.00, 0.06
30.43, 0.00, 0.06
30.44, 0.00, 0.06
30.44, 0.00, 0.06
30.45, 0.00, 0.06
30.46, 0.00, 0.06
30.46, 0.00, 0.06
30.47, 0.00, 0.06
30.47, 0.00, 0.06
30.49, 0.00, 0.06
30.49, 0.00, 0.06
30.50, 0.00, 0.06
30.51, 0.00, 0.06
30.51, 0.00, 0.06
30.52, 0.00, 0.06
30.52, 0.00, 0.05
30.53, 0.00, 0.05
30.54, 0.00, 0.05
30.54, 0.00, 0.05
30.55, 0.00, 0.05
30.56, 0.00, 0.04
30.56, 0.00, 0.04
30.57, 0.00, 0.04
30.57, 0.00, 0.03
30.58, 0.00, 0.03
30.59, 0.00, 0.03
30.59, 0.00, 0.03
30.60, 0.00, 0.02
30.61, 0.00, 0.02
30.61, 0.00, 0.02
30.62, 0.00, 0.02
30.62, 0.00, 0.02
30.63, 0.00, 0.01
30.64, 0.00, 0.01
30.64, 0.00, 0.01
30.65, 0.00, 0.01
30.66, 0.00, 0.01
30.66, 0.00, 0.01
30.67, 0.00, 0.01
30.67, 0.00, 0.01
30.68, 0.00, 0.01
30.69, 0.00, 0.01
30.69, 0.00, 0.01
30.70, 0.00, 0.01
30.71, 0.00, 0.00
30.71, 0.00, 0.00
30.72, 0.00, 0.00
30.72, 0.00, 0.00
30.73, 0.00, 0.00
30.74, 0.79, 0.00
30.74, 0.79, 0.00
30.75, 0.79, 0.00
30.76, 0.79, 0.00
30.76, 0.79, 0.01
30.77, 0.79, 0.01
30.77, 0.79, 0.01
30.78, 0.79, 0.02
30.79, 0.79, 0.02
30.79, 0.79, 0.03
30.80, 0.79, 0.04
30.81, 0.79, 0.05
30.81, 0.79, 0.06
30.82, 0.79, 0.07
30.83, 0.79, 0.08
30.83, 0.79, 0.08
30.84, 0.79, 0.09
30.84, 0.79, 0.08
30.85, 0.79, 0.07
30.86, 0.79, 0.08
30.86, 0.79, 0.08
30.87, 0.79, 0.09
30.88, 0.79, 0.10
30.88, 0.79, 0.09
30.89, 0.79, 0.10
30.89, 0.79, 0.10
30.90, 0.79, 0.08
30.91, 0.79, 0.09
30.91, 0.79, 0.08
30.92, 0.79, 0.08
30.93, 0.79, 0.10
30.93, 0.79, 0.09
30.94, 0.79, 0.10
30.94, 0.79, 0.09
30.95, 0.79, 0.08
30.96, 0.79, 0.08
30.96, 0.79, 0.07
30.97, 0.79, 0.08
30.98, 0.79, 0.09
30.98, 0.79, 0.09
30.99, 0.79, 0.09
30.99, 0.79, 0.09
31.00, 0.79, 0.09
31.01, 0.79, 0.09
31.01, 0.79, 0.09
31.02, 0.79, 0.09
31.03, 0.79, 0.09
31.03, 0.79, 0.09
31.04, 0.79, 0.09
31.04, 0.79, 0.09
31.05, 0.79, 0.10
31.06, 0.79, 0.10
31.06, 0.79, 0.12
31.07, 0.79, 0.15
31.08, 0.79, 0.22
31.08, 0.79, 0.34
31.09, 0.79, 0.46
31.09, 0.79, 0.57
31.10, 0.79, 0.65
31.11, 0.79, 0.73
31.11, 0.79, 0.81
31.12, 0.79, 0.90
31.13, 0.79, 0.99
31.13, 0.79, 1.05
31.14, 0.79, 1.10
31.15, 0.79, 1.36
31.16, 0.79, 1.46
31.16, 0.79, 1.54
31.17, 0.79, 1.62
31.18, 0.79, 1.68
31.18, 0.79, 1.74
31.19, 0.79, 1.78
31.19, 0.79, 1.82
31.20, 0.79, 1.84
31.21, 0.79, 1.85
31.21, 0.79, 1.85
31.22, 0.79, 1.83
31.23, 0.79, 1.82
31.23, 0.79, 1.79
31.24, 0.79, 1.77
31.24, 0.79, 1.75
31.25, 0.79, 1.73
31.26, 0.79, 1.71
31.26, 0.79, 1.68
31.27, 0.79, 1.64
31.28, 0.79, 1.62
31.28, 0.79, 1.58
31.29, 0.79, 1.52
31.29, 0.79, 1.39
31.30, 0.79, 1.29
31.31, 0.79, 1.23
31.31, 0.79, 1.21
31.32, 0.79, 1.22
31.33, 0.79, 1.23
31.33, 0.79, 1.26
31.34, 0.79, 1.31
31.34, 0.79, 1.34
31.35, 0.79, 1.37
31.36, 0.79, 1.38
31.36, 0.79, 1.35
31.37, 0.79, 1.33
31.38, 0.79, 1.32
31.38, 0.79, 1.32
31.39, 0.79, 1.33
31.39, 0.79, 1.33
31.40, 0.79, 1.34
31.41, 0.79, 1.35
31.41, 0.79, 1.34
31.42, 0.79, 1.34
31.43, 0.79, 1.33
31.43, 0.79, 1.33
31.44, 0.79, 1.33
31.44, 0.79, 1.33
31.45, 0.79, 1.33
31.46, 0.79, 1.33
31.46, 0.79, 1.33
31.47, 0.79, 1.33
31.48, 0.79, 1.32
31.48, 0.79, 1.32
31.49, 0.79, 1.30
31.49, 0.79, 1.29
31.50, 0.79, 1.27
31.51, 0.79, 1.26
31.51, 0.79, 1.23
31.52, 0.79, 1.17
31.53, 0.79, 1.07
31.53, 0.79, 0.93
31.54, 0.79, 0.78
31.54, 0.79, 0.66
31.55, 0.79, 0.51
31.56, 0.79, 0.40
31.56, 0.79, 0.31
31.57, 0.79, 0.25
31.58, 0.79, 0.12
31.58, 0.79, -0.04
31.59, 0.79, -0.14
31.59, 0.79, -0.24
31.60, 0.79, -0.33
31.61, 0.79, -0.43
31.61, 0.79, -0.48
31.62, 0.79, -0.51
31.63, 0.79, -0.50
31.63, 0.79, -0.44
31.64, 0.79, -0.42
31.64, 0.79, -0.39
31.65, 0.79, -0.39
31.66, 0.79, -0.38
31.66, 0.79, -0.37
31.67, 0.79, -0.39
31.68, 0.79, -0.38
31.68, 0.79, -0.38
31.69, 0.79, -0.39
31.69, 0.79, -0.40
31.70, 0.79, -0.40
31.71, 0.79, -0.38
31.71, 0.79, -0.34
31.72, 0.79, -0.31
31.73, 0.79, -0.26
31.73, 0.79, -0.15
31.74, 0.79, -0.05
31.74, 0.79, 0.05
31.75, 0.79, 0.15
31.76, 0.79, 0.25
31.76, 0.79, 0.40
31.77, 0.79, 0.54
31.78, 0.79, 0.65
31.78, 0.79, 0.77
31.79, 0.79, 0.84
31.79, 0.79, 0.92
31.80, 0.79, 1.02
31.81, 0.79, 1.13
31.82, 0.79, 1.19
31.83, 0.79, 1.31
31.83, 0.79, 1.41
31.84, 0.79, 1.46
31.84, 0.79, 1.49
31.85, 0.79, 1.46
31.86, 0.79, 1.40
31.86, 0.79, 1.35
31.87, 0.79, 1.33
31.88, 0.79, 1.32
31.88, 0.79, 1.32
31.89, 0.79, 1.32
31.89, 0.79, 1.32
31.90, 0.79, 1.32
31.91, 0.79, 1.33
31.91, 0.79, 1.33
31.92, 0.79, 1.34
31.93, 0.79, 1.34
31.93, 0.79, 1.33
31.94, 0.79, 1.32
31.94, 0.79, 1.32
31.95, 0.79, 1.34
31.96, 0.79, 1.34
31.96, 0.79, 1.35
31.97, 0.79, 1.35
31.98, 0.79, 1.34
31.98, 0.79, 1.34
31.99, 0.79, 1.34
31.99, 0.79, 1.34
32.00, 0.79, 1.33
32.01, 0.79, 1.33
32.01, 0.79, 1.34
32.02, 0.79, 1.34
32.03, 0.79, 1.34
32.03, 0.79, 1.34
32.04, 0.79, 1.34
32.04, 0.79, 1.34
32.05, 0.79, 1.34
32.06, 0.79, 1.34
32.06, 0.79, 1.34
32.07, 0.79, 1.34
32.08, 0.79, 1.34
32.08, 0.79, 1.34
32.09, 0.79, 1.33
32.09, 0.79, 1.33
32.10, 0.79, 1.33
32.11, 0.79, 1.32
32.11, 0.79, 1.32
32.12, 0.79, 1.31
32.13, 0.79, 1.30
32.13, 0.79, 1.28
32.14, 0.79, 1.26
32.14, 0.79, 1.20
32.15, 0.79, 1.09
32.16, 0.79, 0.96
32.16, 0.79, 0.84
32.17, 0.79, 0.70
32.18, 0.79, 0.54
32.18, 0.79, 0.35
32.19, 0.79, 0.24
32.19, 0.79, 0.05
32.20, 0.79, -0.10
32.21, 0.79, -0.24
32.21, 0.79, -0.37
32.22, 0.79, -0.52
32.23, 0.79, -0.57
32.23, 0.79, -0.56
32.24, 0.79, -0.50
32.24, 0.79, -0.43
32.25, 0.79, -0.42
32.26, 0.79, -0.41
32.26, 0.79, -0.38
32.27, 0.79, -0.39
32.28, 0.79, -0.38
32.28, 0.79, -0.34
32.29, 0.79, -0.31
32.29, 0.79, -0.25
32.30, 0.79, -0.18
32.31, 0.79, -0.13
32.31, 0.79, -0.06
32.32, 0.79, 0.05
32.33, 0.79, 0.12
32.33, 0.79, 0.16
32.34, 0.79, 0.21
32.34, 0.79, 0.29
32.35, 0.79, 0.42
32.36, 0.79, 0.54
32.36, 0.79, 0.65
32.37, 0.79, 0.73
32.38, 0.79, 0.78
32.38, 0.79, 0.83
32.39, 0.79, 0.89
32.39, 0.79, 0.94
32.40, 0.79, 0.99
32.41, 0.79, 0.98
32.41, 0.79, 0.94
32.42, 0.79, 0.92
32.43, 0.79, 0.92
32.43, 0.79, 0.93
32.44, 0.79, 0.95
32.44, 0.79, 0.97
32.45, 0.79, 0.97
32.46, 0.79, 0.96
32.46, 0.79, 0.96
32.48, 0.79, 0.96
32.48, 0.79, 0.97
32.49, 0.79, 0.96
32.49, 0.79, 0.95
32.50, 0.79, 0.95
32.51, 0.79, 0.95
32.51, 0.79, 0.95
32.52, 0.79, 0.95
32.53, 0.79, 0.94
32.53, 0.79, 0.94
32.54, 0.79, 0.94
32.54, 0.79, 0.94
32.55, 0.79, 0.93
32.56, 0.79, 0.93
32.56, 0.79, 0.92
32.57, 0.79, 0.92
32.58, 0.79, 0.91
32.58, 0.79, 0.90
32.59, 0.79, 0.90
32.59, 0.79, 0.90
32.60, 0.79, 0.89
32.61, 0.79, 0.89
32.61, 0.79, 0.89
32.62, 0.79, 0.89
32.63, 0.79, 0.89
32.63, 0.79, 0.89
32.64, 0.79, 0.89
32.64, 0.79, 0.89
32.65, 0.79, 0.88
32.66, 0.79, 0.88
32.66, 0.79, 0.88
32.67, 0.79, 0.88
32.68, 0.79, 0.88
32.68, 0.79, 0.88
32.69, 0.79, 0.88
32.69, 0.79, 0.88
32.70, 0.79, 0.88
32.71, 0.79, 0.88
32.71, 0.79, 0.88
32.72, 0.79, 0.87
32.73, 0.79, 0.87
32.73, 0.79, 0.87
32.74, 1.57, 0.87
32.74, 1.57, 0.87
32.75, 1.57, 0.87
32.76, 1.57, 0.88
32.76, 1.57, 0.88
32.77, 1.57, 0.88
32.78, 1.57, 0.88
32.78, 1.57, 0.88
32.79, 1.57, 0.88
32.79, 1.57, 0.88
32.80, 1.57, 0.89
32.81, 1.57, 0.89
32.81, 1.57, 0.90
32.82, 1.57, 0.90
32.83, 1.57, 0.91
32.83, 1.57, 0.92
32.84, 1.57, 0.93
32.84, 1.57, 0.94
32.85, 1.57, 0.96
32.86, 1.57, 0.97
32.86, 1.57, 0.95
32.87, 1.57, 0.94
32.88, 1.57, 0.95
32.88, 1.57, 0.96
32.89, 1.57, 0.97
32.89, 1.57, 0.96
32.90, 1.57, 0.94
32.91, 1.57, 0.94
32.91, 1.57, 0.96
32.92, 1.57, 0.98
32.93, 1.57, 0.99
32.93, 1.57, 0.97
32.94, 1.57, 0.97
32.94, 1.57, 0.96
32.95, 1.57, 0.96
32.96, 1.57, 0.96
32.96, 1.57, 0.96
32.97, 1.57, 0.98
32.98, 1.57, 0.99
32.98, 1.57, 0.98
32.99, 1.57, 1.00
32.99, 1.57, 0.99
33.00, 1.57, 0.97
33.01, 1.57, 0.97
33.01, 1.57, 0.96
33.02, 1.57, 0.98
33.03, 1.57, 0.98
33.03, 1.57, 0.97
33.04, 1.57, 0.97
33.04, 1.57, 0.97
33.05, 1.57, 0.98
33.06, 1.57, 0.99
33.06, 1.57, 0.98
33.07, 1.57, 0.96
33.08, 1.57, 0.97
33.08, 1.57, 0.98
33.09, 1.57, 1.00
33.10, 1.57, 1.01
33.10, 1.57, 1.01
33.11, 1.57, 1.01
33.11, 1.57, 1.01
33.12, 1.57, 1.02
33.13, 1.57, 1.03
33.14, 1.57, 1.09
33.15, 1.57, 1.22
33.15, 1.57, 1.37
33.16, 1.57, 1.49
33.16, 1.57, 1.62
33.17, 1.57, 1.76
33.18, 1.57, 1.86
33.18, 1.57, 1.96
33.19, 1.57, 2.03
33.20, 1.57, 2.17
33.20, 1.57, 2.30
33.21, 1.57, 2.40
33.21, 1.57, 2.48
33.22, 1.57, 2.55
33.23, 1.57, 2.59
33.23, 1.57, 2.61
33.24, 1.57, 2.62
33.25, 1.57, 2.64
33.25, 1.57, 2.64
33.26, 1.57, 2.64
33.26, 1.57, 2.63
33.27, 1.57, 2.62
33.28, 1.57, 2.60
33.28, 1.57, 2.56
33.29, 1.57, 2.52
33.30, 1.57, 2.47
33.30, 1.57, 2.41
33.31, 1.57, 2.32
33.31, 1.57, 2.20
33.32, 1.57, 2.12
33.33, 1.57, 2.10
33.33, 1.57, 2.10
33.34, 1.57, 2.11
33.35, 1.57, 2.12
33.35, 1.57, 2.15
33.36, 1.57, 2.21
33.36, 1.57, 2.28
33.37, 1.57, 2.31
33.38, 1.57, 2.31
33.38, 1.57, 2.25
33.39, 1.57, 2.21
33.40, 1.57, 2.21
33.40, 1.57, 2.23
33.41, 1.57, 2.24
33.41, 1.57, 2.24
33.42, 1.57, 2.24
33.43, 1.57, 2.24
33.43, 1.57, 2.23
33.44, 1.57, 2.23
33.45, 1.57, 2.24
33.45, 1.57, 2.24
33.46, 1.57, 2.24
33.46, 1.57, 2.24
33.47, 1.57, 2.23
33.48, 1.57, 2.23
33.48, 1.57, 2.23
33.49, 1.57, 2.21
33.50, 1.57, 2.21
33.50, 1.57, 2.21
33.51, 1.57, 2.20
33.51, 1.57, 2.19
33.52, 1.57, 2.19
33.53, 1.57, 2.19
33.53, 1.57, 2.18
33.54, 1.57, 2.17
33.55, 1.57, 2.14
33.55, 1.57, 2.09
33.56, 1.57, 1.99
33.56, 1.57, 1.86
33.57, 1.57, 1.73
33.58, 1.57, 1.61
33.58, 1.57, 1.42
33.59, 1.57, 1.28
33.60, 1.57, 1.17
33.60, 1.57, 1.02
33.61, 1.57, 0.85
33.61, 1.57, 0.73
33.62, 1.57, 0.60
33.63, 1.57, 0.44
33.63, 1.57, 0.32
33.64, 1.57, 0.27
33.65, 1.57, 0.23
33.65, 1.57, 0.15
33.66, 1.57, 0.04
33.66, 1.57, -0.02
33.67, 1.57, -0.06
33.68, 1.57, -0.08
33.68, 1.57, -0.08
33.69, 1.57, -0.07
33.70, 1.57, -0.04
33.70, 1.57, -0.00
33.71, 1.57, 0.04
33.71, 1.57, 0.09
33.72, 1.57, 0.12
33.73, 1.57, 0.13
33.73, 1.57, 0.15
33.74, 1.57, 0.17
33.75, 1.57, 0.21
33.75, 1.57, 0.32
33.76, 1.57, 0.46
33.76, 1.57, 0.55
33.77, 1.57, 0.61
33.78, 1.57, 0.69
33.78, 1.57, 0.80
33.79, 1.57, 0.89
33.80, 1.57, 1.05
33.81, 1.57, 1.12
33.81, 1.57, 1.24
33.82, 1.57, 1.39
33.83, 1.57, 1.52
33.83, 1.57, 1.61
33.84, 1.57, 1.70
33.85, 1.57, 1.77
33.85, 1.57, 1.86
33.86, 1.57, 1.92
33.86, 1.57, 1.92
33.87, 1.57, 1.89
33.88, 1.57, 1.84
33.88, 1.57, 1.82
33.89, 1.57, 1.82
33.90, 1.57, 1.84
33.90, 1.57, 1.87
33.91, 1.57, 1.88
33.91, 1.57, 1.87
33.92, 1.57, 1.87
33.93, 1.57, 1.85
33.93, 1.57, 1.84
33.94, 1.57, 1.83
33.94, 1.57, 1.84
33.95, 1.57, 1.86
33.96, 1.57, 1.86
33.96, 1.57, 1.85
33.97, 1.57, 1.85
33.98, 1.57, 1.85
33.98, 1.57, 1.85
33.99, 1.57, 1.85
33.99, 1.57, 1.85
34.00, 1.57, 1.85
34.01, 1.57, 1.85
34.01, 1.57, 1.85
34.02, 1.57, 1.85
34.03, 1.57, 1.85
34.03, 1.57, 1.84
34.04, 1.57, 1.84
34.04, 1.57, 1.83
34.05, 1.57, 1.83
34.06, 1.57, 1.82
34.06, 1.57, 1.81
34.07, 1.57, 1.80
34.08, 1.57, 1.79
34.08, 1.57, 1.78
34.09, 1.57, 1.77
34.10, 1.57, 1.77
34.10, 1.57, 1.76
34.11, 1.57, 1.76
34.11, 1.57, 1.76
34.12, 1.57, 1.76
34.13, 1.57, 1.76
34.13, 1.57, 1.76
34.14, 1.57, 1.76
34.15, 1.57, 1.76
34.15, 1.57, 1.76
34.16, 1.57, 1.76
34.16, 1.57, 1.76
34.17, 1.57, 1.76
34.18, 1.57, 1.76
34.18, 1.57, 1.75
34.19, 1.57, 1.75
34.20, 1.57, 1.75
34.20, 1.57, 1.76
34.21, 1.57, 1.76
34.21, 1.57, 1.76
34.22, 1.57, 1.75
34.23, 1.57, 1.75
34.23, 1.57, 1.75
34.24, 1.57, 1.76
34.25, 1.57, 1.76
34.25, 1.57, 1.76
34.26, 1.57, 1.76
34.26, 1.57, 1.76
34.27, 1.57, 1.75
34.28, 1.57, 1.75
34.28, 1.57, 1.74
34.29, 1.57, 1.73
34.30, 1.57, 1.72
34.30, 1.57, 1.70
34.31, 1.57, 1.67
34.31, 1.57, 1.63
34.32, 1.57, 1.60
34.33, 1.57, 1.58
34.33, 1.57, 1.55
34.34, 1.57, 1.50
34.35, 1.57, 1.42
34.35, 1.57, 1.35
34.36, 1.57, 1.31
34.36, 1.57, 1.31
34.37, 1.57, 1.32
34.38, 1.57, 1.32
34.38, 1.57, 1.34
34.39, 1.57, 1.36
34.40, 1.57, 1.37
34.40, 1.57, 1.38
34.41, 1.57, 1.38
34.41, 1.57, 1.36
34.42, 1.57, 1.35
34.43, 1.57, 1.36
34.43, 1.57, 1.37
34.44, 1.57, 1.38
34.45, 1.57, 1.37
34.45, 1.57, 1.36
34.46, 1.57, 1.37
34.47, 1.57, 1.38
34.48, 1.57, 1.37
34.48, 1.57, 1.35
34.49, 1.57, 1.35
34.50, 1.57, 1.36
34.50, 1.57, 1.36
34.51, 1.57, 1.37
34.51, 1.57, 1.37
34.52, 1.57, 1.37
34.53, 1.57, 1.37
34.53, 1.57, 1.37
34.54, 1.57, 1.36
34.55, 1.57, 1.36
34.55, 1.57, 1.35
34.56, 1.57, 1.34
34.56, 1.57, 1.36
34.57, 1.57, 1.37
34.58, 1.57, 1.37
34.58, 1.57, 1.36
34.59, 1.57, 1.34
34.60, 1.57, 1.36
34.60, 1.57, 1.37
34.61, 1.57, 1.37
34.61, 1.57, 1.37
34.62, 1.57, 1.36
34.63, 1.57, 1.35
34.63, 1.57, 1.35
34.64, 1.57, 1.34
34.65, 1.57, 1.35
34.65, 1.57, 1.33
34.66, 1.57, 1.33
34.66, 1.57, 1.36
34.67, 1.57, 1.35
34.68, 1.57, 1.35
34.68, 1.57, 1.36
34.69, 1.57, 1.35
34.70, 1.57, 1.36
34.70, 1.57, 1.36
34.71, 1.57, 1.38
34.71, 1.57, 1.40
34.72, 1.57, 1.44
34.73, 1.57, 1.49
34.73, 1.57, 1.55
34.74, 3.14, 1.61
34.75, 3.14, 1.67
34.75, 3.14, 1.72
34.76, 3.14, 1.80
34.76, 3.14, 1.88
34.77, 3.14, 1.95
34.78, 3.14, 1.99
34.78, 3.14, 2.06
34.79, 3.14, 2.17
34.80, 3.14, 2.32
34.80, 3.14, 2.44
34.81, 3.14, 2.51
34.81, 3.14, 2.57
34.82, 3.14, 2.60
34.83, 3.14, 2.65
34.83, 3.14, 2.69
34.84, 3.14, 2.72
34.85, 3.14, 2.76
34.85, 3.14, 2.79
34.86, 3.14, 2.80
34.86, 3.14, 2.76
34.87, 3.14, 2.74
34.88, 3.14, 2.74
34.88, 3.14, 2.75
34.89, 3.14, 2.76
34.90, 3.14, 2.76
34.90, 3.14, 2.77
34.91, 3.14, 2.77
34.91, 3.14, 2.77
34.92, 3.14, 2.77
34.93, 3.14, 2.76
34.93, 3.14, 2.75
34.94, 3.14, 2.75
34.95, 3.14, 2.75
34.95, 3.14, 2.75
34.96, 3.14, 2.76
34.96, 3.14, 2.76
34.97, 3.14, 2.77
34.98, 3.14, 2.77
34.98, 3.14, 2.77
34.99, 3.14, 2.77
35.00, 3.14, 2.76
35.00, 3.14, 2.75
35.01, 3.14, 2.75
35.01, 3.14, 2.76
35.02, 3.14, 2.76
35.03, 3.14, 2.76
35.03, 3.14, 2.76
35.04, 3.14, 2.76
35.05, 3.14, 2.76
35.05, 3.14, 2.77
35.06, 3.14, 2.77
35.06, 3.14, 2.76
35.07, 3.14, 2.76
35.08, 3.14, 2.77
35.08, 3.14, 2.77
35.09, 3.14, 2.78
35.10, 3.14, 2.77
35.10, 3.14, 2.77
35.11, 3.14, 2.78
35.11, 3.14, 2.77
35.13, 3.14, 2.77
35.13, 3.14, 2.77
35.14, 3.14, 2.78
35.15, 3.14, 2.77
35.15, 3.14, 2.78
35.16, 3.14, 2.78
35.16, 3.14, 2.77
35.17, 3.14, 2.77
35.18, 3.14, 2.77
35.18, 3.14, 2.77
35.19, 3.14, 2.79
35.20, 3.14, 2.77
35.20, 3.14, 2.78
35.21, 3.14, 2.79
35.21, 3.14, 2.79
35.22, 3.14, 2.80
35.23, 3.14, 2.79
35.23, 3.14, 2.77
35.24, 3.14, 2.78
35.25, 3.14, 2.78
35.25, 3.14, 2.80
35.26, 3.14, 2.81
35.26, 3.14, 2.78
35.27, 3.14, 2.78
35.28, 3.14, 2.79
35.28, 3.14, 2.80
35.29, 3.14, 2.80
35.30, 3.14, 2.79
35.30, 3.14, 2.79
35.31, 3.14, 2.78
35.31, 3.14, 2.79
35.32, 3.14, 2.80
35.33, 3.14, 2.78
35.33, 3.14, 2.76
35.34, 3.14, 2.78
35.35, 3.14, 2.79
35.35, 3.14, 2.81
35.36, 3.14, 2.81
35.37, 3.14, 2.79
35.37, 3.14, 2.79
35.38, 3.14, 2.79
35.38, 3.14, 2.79
35.39, 3.14, 2.80
35.40, 3.14, 2.79
35.40, 3.14, 2.79
35.41, 3.14, 2.80
35.42, 3.14, 2.77
35.42, 3.14, 2.77
35.43, 3.14, 2.78
35.43, 3.14, 2.79
35.44, 3.14, 2.80
35.45, 3.14, 2.78
35.45, 3.14, 2.79
35.46, 3.14, 2.80
35.47, 3.14, 2.79
35.47, 3.14, 2.79
35.48, 3.14, 2.79
35.48, 3.14, 2.79
35.49, 3.14, 2.80
35.50, 3.14, 2.78
35.50, 3.14, 2.79
35.51, 3.14, 2.79
35.52, 3.14, 2.78
35.52, 3.14, 2.79
35.53, 3.14, 2.79
35.53, 3.14, 2.79
35.54, 3.14, 2.81
35.55, 3.14, 2.81
35.55, 3.14, 2.80
35.56, 3.14, 2.79
35.57, 3.14, 2.79
35.57, 3.14, 2.80
35.58, 3.14, 2.81
35.58, 3.14, 2.81
35.59, 3.14, 2.81
35.60, 3.14, 2.81
35.60, 3.14, 2.81
35.61, 3.14, 2.82
35.62, 3.14, 2.83
35.62, 3.14, 2.84
35.63, 3.14, 2.89
35.63, 3.14, 3.03
35.64, 3.14, 3.16
35.65, 3.14, 3.27
35.65, 3.14, 3.34
35.66, 3.14, 3.45
35.67, 3.14, 3.54
35.67, 3.14, 3.64
35.68, 3.14, 3.72
35.68, 3.14, 3.79
35.69, 3.14, 3.86
35.70, 3.14, 4.00
35.70, 3.14, 4.12
35.71, 3.14, 4.22
35.72, 3.14, 4.29
35.72, 3.14, 4.35
35.73, 3.14, 4.41
35.73, 3.14, 4.45
35.74, 3.14, 4.49
35.75, 3.14, 4.51
35.75, 3.14, 4.51
35.76, 3.14, 4.49
35.76, 3.14, 4.48
35.77, 3.14, 4.45
35.78, 3.14, 4.44
35.79, 3.14, 4.36
35.80, 3.14, 4.30
35.80, 3.14, 4.22
35.81, 3.14, 4.11
35.81, 3.14, 3.99
35.82, 3.14, 3.91
35.83, 3.14, 3.88
35.83, 3.14, 3.87
35.84, 3.14, 3.86
35.85, 3.14, 3.84
35.85, 3.14, 3.77
35.86, 3.14, 3.71
35.86, 3.14, 3.65
35.87, 3.14, 3.58
35.88, 3.14, 3.51
35.88, 3.14, 3.45
35.89, 3.14, 3.41
35.90, 3.14, 3.35
35.90, 3.14, 3.24
35.91, 3.14, 3.16
35.91, 3.14, 3.10
35.92, 3.14, 3.06
35.93, 3.14, 3.08
35.93, 3.14, 3.12
35.94, 3.14, 3.14
35.95, 3.14, 3.16
35.95, 3.14, 3.17
35.96, 3.14, 3.17
35.96, 3.14, 3.16
35.97, 3.14, 3.16
35.98, 3.14, 3.15
35.98, 3.14, 3.15
35.99, 3.14, 3.15
36.00, 3.14, 3.14
36.00, 3.14, 3.14
36.01, 3.14, 3.14
36.01, 3.14, 3.15
36.02, 3.14, 3.15
36.03, 3.14, 3.15
36.03, 3.14, 3.14
36.04, 3.14, 3.14
36.05, 3.14, 3.15
36.05, 3.14, 3.15
36.06, 3.14, 3.15
36.06, 3.14, 3.14
36.07, 3.14, 3.14
36.08, 3.14, 3.14
36.08, 3.14, 3.14
36.09, 3.14, 3.14
36.10, 3.14, 3.14
36.10, 3.14, 3.14
36.11, 3.14, 3.14
36.11, 3.14, 3.14
36.12, 3.14, 3.14
36.13, 3.14, 3.14
36.13, 3.14, 3.14
36.14, 3.14, 3.14
36.15, 3.14, 3.14
36.15, 3.14, 3.14
36.16, 3.14, 3.14
36.16, 3.14, 3.14
36.17, 3.14, 3.14
36.18, 3.14, 3.14
36.18, 3.14, 3.13
36.19, 3.14, 3.13
36.20, 3.14, 3.14
36.20, 3.14, 3.14
36.21, 3.14, 3.14
36.21, 3.14, 3.14
36.22, 3.14, 3.14
36.23, 3.14, 3.14
36.23, 3.14, 3.14
36.24, 3.14, 3.13
36.25, 3.14, 3.13
36.25, 3.14, 3.13
36.26, 3.14, 3.13
36.26, 3.14, 3.13
36.27, 3.14, 3.13
36.28, 3.14, 3.13
36.28, 3.14, 3.13
36.29, 3.14, 3.13
36.30, 3.14, 3.13
36.30, 3.14, 3.13
36.31, 3.14, 3.13
36.32, 3.14, 3.13
36.32, 3.14, 3.13
36.33, 3.14, 3.13
36.33, 3.14, 3.13
36.34, 3.14, 3.13
36.35, 3.14, 3.13
36.35, 3.14, 3.13
36.36, 3.14, 3.13
36.37, 3.14, 3.13
36.37, 3.14, 3.13
36.38, 3.14, 3.13
36.38, 3.14, 3.13
36.39, 3.14, 3.13
36.40, 3.14, 3.13
36.40, 3.14, 3.13
36.41, 3.14, 3.13
36.42, 3.14, 3.13
36.42, 3.14, 3.13
36.43, 3.14, 3.13
36.43, 3.14, 3.13
36.44, 3.14, 3.13
36.45, 3.14, 3.13
36.46, 3.14, 3.13
36.47, 3.14, 3.13
36.47, 3.14, 3.12
36.48, 3.14, 3.13
36.48, 3.14, 3.13
36.49, 3.14, 3.13
36.50, 3.14, 3.13
36.50, 3.14, 3.13
36.51, 3.14, 3.12
36.52, 3.14, 3.12
36.52, 3.14, 3.12
36.53, 3.14, 3.12
36.53, 3.14, 3.13
36.54, 3.14, 3.13
36.55, 3.14, 3.13
36.55, 3.14, 3.13
36.56, 3.14, 3.12
36.57, 3.14, 3.13
36.57, 3.14, 3.13
36.58, 3.14, 3.13
36.58, 3.14, 3.13
36.59, 3.14, 3.13
36.60, 3.14, 3.13
36.60, 3.14, 3.13
36.61, 3.14, 3.13
36.62, 3.14, 3.13
36.62, 3.14, 3.13
36.63, 3.14, 3.13
36.63, 3.14, 3.13
36.64, 3.14, 3.12
36.65, 3.14, 3.13
36.65, 3.14, 3.13
36.66, 3.14, 3.13
36.67, 3.14, 3.13
36.67, 3.14, 3.13
36.68, 3.14, 3.13
36.68, 3.14, 3.13
36.69, 3.14, 3.13
36.70, 3.14, 3.13
36.70, 3.14, 3.13
36.71, 3.14, 3.13
36.72, 3.14, 3.13
36.72, 3.14, 3.13
36.73, 3.14, 3.13
36.73, 3.14, 3.13
36.74, -0.79, 3.13
36.75, -0.79, 3.13
36.75, -0.79, 3.13
36.76, -0.79, 3.13
36.77, -0.79, 3.12
36.77, -0.79, 3.11
36.78, -0.79, 3.09
36.78, -0.79, 3.08
36.79, -0.79, 3.07
36.80, -0.79, 3.04
36.80, -0.79, 2.95
36.81, -0.79, 2.83
36.82, -0.79, 2.68
36.82, -0.79, 2.55
36.83, -0.79, 2.35
36.83, -0.79, 2.17
36.84, -0.79, 2.01
36.85, -0.79, 1.82
36.85, -0.79, 1.62
36.86, -0.79, 1.42
36.87, -0.79, 1.23
36.87, -0.79, 1.07
36.88, -0.79, 0.87
36.88, -0.79, 0.70
36.89, -0.79, 0.51
36.90, -0.79, 0.33
36.90, -0.79, 0.15
36.91, -0.79, 0.01
36.92, -0.79, -0.12
36.92, -0.79, -0.25
36.93, -0.79, -0.43
36.93, -0.79, -0.56
36.94, -0.79, -0.63
36.95, -0.79, -0.69
36.95, -0.79, -0.80
36.96, -0.79, -0.89
36.97, -0.79, -0.95
36.97, -0.79, -0.99
36.98, -0.79, -1.02
36.98, -0.79, -1.04
36.99, -0.79, -1.07
37.00, -0.79, -1.08
37.00, -0.79, -1.10
37.01, -0.79, -1.08
37.02, -0.79, -1.05
37.02, -0.79, -1.05
37.03, -0.79, -1.04
37.03, -0.79, -1.03
37.04, -0.79, -1.02
37.05, -0.79, -0.99
37.05, -0.79, -0.95
37.06, -0.79, -0.90
37.07, -0.79, -0.82
37.07, -0.79, -0.75
37.08, -0.79, -0.72
37.08, -0.79, -0.67
37.09, -0.79, -0.59
37.10, -0.79, -0.43
37.10, -0.79, -0.33
37.12, -0.79, -0.16
37.12, -0.79, -0.11
37.13, -0.79, -0.07
37.13, -0.79, -0.04
37.14, -0.79, -0.01
37.15, -0.79, 0.02
37.15, -0.79, 0.04
37.16, -0.79, 0.05
37.17, -0.79, 0.05
37.17, -0.79, 0.05
37.18, -0.79, 0.05
37.18, -0.79, 0.04
37.19, -0.79, 0.02
37.20, -0.79, 0.01
37.20, -0.79, 0.00
37.21, -0.79, -0.02
37.22, -0.79, -0.03
37.22, -0.79, -0.04
37.23, -0.79, -0.04
37.23, -0.79, -0.05
37.24, -0.79, -0.06
37.25, -0.79, -0.07
37.25, -0.79, -0.09
37.26, -0.79, -0.12
37.27, -0.79, -0.18
37.27, -0.79, -0.24
37.28, -0.79, -0.30
37.28, -0.79, -0.39
37.29, -0.79, -0.46
37.30, -0.79, -0.50
37.30, -0.79, -0.52
37.31, -0.79, -0.53
37.32, -0.79, -0.46
37.32, -0.79, -0.43
37.33, -0.79, -0.43
37.33, -0.79, -0.43
37.34, -0.79, -0.43
37.35, -0.79, -0.45
37.35, -0.79, -0.45
37.36, -0.79, -0.46
37.37, -0.79, -0.46
37.37, -0.79, -0.46
37.38, -0.79, -0.44
37.38, -0.79, -0.43
37.39, -0.79, -0.43
37.40, -0.79, -0.45
37.40, -0.79, -0.46
37.41, -0.79, -0.46
37.42, -0.79, -0.46
37.42, -0.79, -0.46
37.43, -0.79, -0.45
37.43, -0.79, -0.43
37.44, -0.79, -0.43
37.45, -0.79, -0.45
37.45, -0.79, -0.46
37.46, -0.79, -0.46
37.47, -0.79, -0.44
37.47, -0.79, -0.43
37.48, -0.79, -0.45
37.48, -0.79, -0.46
37.49, -0.79, -0.47
37.50, -0.79, -0.46
37.50, -0.79, -0.45
37.51, -0.79, -0.44
37.52, -0.79, -0.44
37.52, -0.79, -0.44
37.53, -0.79, -0.46
37.53, -0.79, -0.49
37.54, -0.79, -0.49
37.55, -0.79, -0.46
37.55, -0.79, -0.43
37.56, -0.79, -0.42
37.57, -0.79, -0.45
37.57, -0.79, -0.46
37.58, -0.79, -0.46
37.58, -0.79, -0.46
37.59, -0.79, -0.46
37.60, -0.79, -0.45
37.60, -0.79, -0.45
37.61, -0.79, -0.45
37.62, -0.79, -0.45
37.62, -0.79, -0.45
37.63, -0.79, -0.46
37.63, -0.79, -0.46
37.64, -0.79, -0.45
37.65, -0.79, -0.45
37.65, -0.79, -0.45
37.66, -0.79, -0.45
37.67, -0.79, -0.45
37.67, -0.79, -0.45
37.68, -0.79, -0.45
37.68, -0.79, -0.45
37.69, -0.79, -0.45
37.70, -0.79, -0.45
37.70, -0.79, -0.45
37.71, -0.79, -0.45
37.72, -0.79, -0.45
37.72, -0.79, -0.45
37.73, -0.79, -0.45
37.73, -0.79, -0.45
37.74, -0.79, -0.46
37.75, -0.79, -0.46
37.75, -0.79, -0.46
37.76, -0.79, -0.46
37.77, -0.79, -0.46
37.78, -0.79, -0.46
37.78, -0.79, -0.46
37.79, -0.79, -0.47
37.80, -0.79, -0.48
37.80, -0.79, -0.49
37.81, -0.79, -0.50
37.82, -0.79, -0.51
37.82, -0.79, -0.53
37.83, -0.79, -0.58
37.83, -0.79, -0.66
37.84, -0.79, -0.77
37.85, -0.79, -0.89
37.85, -0.79, -1.01
37.86, -0.79, -1.12
37.87, -0.79, -1.23
37.87, -0.79, -1.33
37.88, -0.79, -1.43
37.88, -0.79, -1.48
37.89, -0.79, -1.52
37.90, -0.79, -1.60
37.90, -0.79, -1.74
37.91, -0.79, -1.84
37.92, -0.79, -1.93
37.92, -0.79, -2.01
37.93, -0.79, -2.08
37.93, -0.79, -2.14
37.94, -0.79, -2.22
37.95, -0.79, -2.25
37.95, -0.79, -2.25
37.96, -0.79, -2.23
37.97, -0.79, -2.20
37.97, -0.79, -2.18
37.98, -0.79, -2.13
37.98, -0.79, -2.11
37.99, -0.79, -2.07
38.00, -0.79, -1.99
38.00, -0.79, -1.93
38.01, -0.79, -1.86
38.02, -0.79, -1.76
38.02, -0.79, -1.66
38.03, -0.79, -1.56
38.03, -0.79, -1.43
38.04, -0.79, -1.30
38.05, -0.79, -1.20
38.05, -0.79, -1.09
38.06, -0.79, -1.02
38.07, -0.79, -0.95
38.07, -0.79, -0.86
38.08, -0.79, -0.78
38.08, -0.79, -0.76
38.09, -0.79, -0.74
38.10, -0.79, -0.73
38.10, -0.79, -0.73
38.11, -0.79, -0.72
38.12, -0.79, -0.71
38.12, -0.79, -0.69
38.13, -0.79, -0.67
38.13, -0.79, -0.62
38.14, -0.79, -0.54
38.15, -0.79, -0.41
38.15, -0.79, -0.33
38.16, -0.79, -0.28
38.17, -0.79, -0.26
38.17, -0.79, -0.25
38.18, -0.79, -0.24
38.18, -0.79, -0.24
38.19, -0.79, -0.25
38.20, -0.79, -0.27
38.20, -0.79, -0.30
38.21, -0.79, -0.35
38.22, -0.79, -0.39
38.22, -0.79, -0.42
38.23, -0.79, -0.44
38.23, -0.79, -0.45
38.24, -0.79, -0.45
38.25, -0.79, -0.45
38.25, -0.79, -0.45
38.26, -0.79, -0.44
38.27, -0.79, -0.45
38.27, -0.79, -0.45
38.28, -0.79, -0.46
38.28, -0.79, -0.46
38.29, -0.79, -0.45
38.30, -0.79, -0.45
38.30, -0.79, -0.45
38.31, -0.79, -0.46
38.32, -0.79, -0.46
38.32, -0.79, -0.45
38.33, -0.79, -0.45
38.33, -0.79, -0.45
38.34, -0.79, -0.45
38.35, -0.79, -0.46
38.35, -0.79, -0.46
38.36, -0.79, -0.46
38.37, -0.79, -0.46
38.37, -0.79, -0.44
38.38, -0.79, -0.46
38.38, -0.79, -0.46
38.39, -0.79, -0.46
38.40, -0.79, -0.45
38.40, -0.79, -0.44
38.41, -0.79, -0.45
38.42, -0.79, -0.46
38.42, -0.79, -0.46
38.43, -0.79, -0.45
38.44, -0.79, -0.44
38.45, -0.79, -0.46
38.45, -0.79, -0.46
38.46, -0.79, -0.45
38.47, -0.79, -0.44
38.47, -0.79, -0.43
38.48, -0.79, -0.45
38.48, -0.79, -0.46
38.49, -0.79, -0.46
38.50, -0.79, -0.45
38.50, -0.79, -0.44
38.51, -0.79, -0.44
38.52, -0.79, -0.44
38.52, -0.79, -0.45
38.53, -0.79, -0.45
38.53, -0.79, -0.45
38.54, -0.79, -0.44
38.55, -0.79, -0.44
38.55, -0.79, -0.44
38.56, -0.79, -0.45
38.57, -0.79, -0.45
38.57, -0.79, -0.45
38.58, -0.79, -0.45
38.59, -0.79, -0.45
38.59, -0.79, -0.45
38.60, -0.79, -0.45
38.60, -0.79, -0.45
38.61, -0.79, -0.45
38.62, -0.79, -0.45
38.62, -0.79, -0.45
38.63, -0.79, -0.46
38.64, -0.79, -0.46
38.64, -0.79, -0.46
38.65, -0.79, -0.47
38.65, -0.79, -0.48
38.66, -0.79, -0.49
38.67, -0.79, -0.51
38.67, -0.79, -0.55
38.68, -0.79, -0.61
38.69, -0.79, -0.77
38.69, -0.79, -0.91
38.70, -0.79, -1.04
38.70, -0.79, -1.17
38.71, -0.79, -1.37
38.72, -0.79, -1.50
38.72, -0.79, -1.60
38.73, -0.79, -1.76
38.74, -0.79, -1.92
38.74, -0.79, -2.04
38.75, 0.00, -2.13
38.75, 0.00, -2.23
38.76, 0.00, -2.30
38.77, 0.00, -2.29
38.77, 0.00, -2.25
38.78, 0.00, -2.19
38.79, 0.00, -2.16
38.79, 0.00, -2.11
38.80, 0.00, -2.02
38.80, 0.00, -1.91
38.81, 0.00, -1.80
38.82, 0.00, -1.67
38.82, 0.00, -1.56
38.83, 0.00, -1.38
38.84, 0.00, -1.23
38.84, 0.00, -1.10
38.85, 0.00, -0.97
38.85, 0.00, -0.82
38.86, 0.00, -0.73
38.87, 0.00, -0.64
38.87, 0.00, -0.50
38.88, 0.00, -0.36
38.89, 0.00, -0.28
38.89, 0.00, -0.20
38.90, 0.00, -0.12
38.90, 0.00, -0.05
38.91, 0.00, -0.00
38.92, 0.00, 0.05
38.92, 0.00, 0.09
38.93, 0.00, 0.11
38.94, 0.00, 0.09
38.94, 0.00, 0.06
38.95, 0.00, 0.04
38.95, 0.00, 0.03
38.96, 0.00, 0.02
38.97, 0.00, 0.01
38.97, 0.00, 0.01
38.98, 0.00, 0.00
38.99, 0.00, 0.00
38.99, 0.00, 0.00
39.00, 0.00, 0.00
39.00, 0.00, 0.00
39.01, 0.00, 0.00
39.02, 0.00, 0.00
39.02, 0.00, 0.00
39.03, 0.00, 0.00
39.04, 0.00, 0.00
39.04, 0.00, 0.00
39.05, 0.00, 0.00
39.05, 0.00, 0.00
39.06, 0.00, 0.00
39.07, 0.00, 0.00
39.07, 0.00, 0.00
39.08, 0.00, 0.00
39.09, 0.00, 0.00
39.10, 0.00, 0.00
39.10, 0.00, 0.00
39.11, 0.00, 0.00
39.12, 0.00, 0.00
39.12, 0.00, 0.00
39.13, 0.00, 0.00
39.14, 0.00, 0.00
39.14, 0.00, 0.00
39.15, 0.00, 0.00
39.15, 0.00, 0.00
39.16, 0.00, 0.00
39.17, 0.00, 0.00
39.17, 0.00, 0.00
39.18, 0.00, 0.00
39.19, 0.00, 0.00
39.19, 0.00, 0.00
39.20, 0.00, 0.00
39.20, 0.00, 0.00
39.21, 0.00, 0.00
39.22, 0.00, 0.00
39.22, 0.00, 0.00
39.23, 0.00, 0.00
39.24, 0.00, 0.00
39.24, 0.00, 0.00
39.25, 0.00, 0.00
39.25, 0.00, 0.00
39.26, 0.00, 0.00
39.27, 0.00, 0.00
39.27, 0.00, 0.00
39.28, 0.00, 0.00
39.29, 0.00, 0.00
39.29, 0.00, 0.00
39.30, 0.00, 0.00
39.30, 0.00, 0.00
39.31, 0.00, 0.00
39.32, 0.00, 0.00
39.32, 0.00, 0.00
39.33, 0.00, 0.00
39.34, 0.00, 0.00
39.34, 0.00, 0.00
39.35, 0.00, 0.00
39.35, 0.00, 0.00
39.36, 0.00, 0.00
39.37, 0.00, 0.00
39.37, 0.00, 0.00
39.38, 0.00, 0.00
39.38, 0.00, 0.00
39.39, 0.00, 0.00
39.40, 0.00, 0.00
39.40, 0.00, 0.00
39.41, 0.00, 0.00
39.42, 0.00, 0.00
39.42, 0.00, 0.00
39.43, 0.00, 0.00
39.43, 0.00, 0.00
39.44, 0.00, 0.00
39.45, 0.00, 0.00
39.45, 0.00, 0.00
39.46, 0.00, 0.00
39.47, 0.00, 0.00
39.47, 0.00, -0.02
39.48, 0.00, -0.02
39.48, 0.00, -0.02
39.49, 0.00, -0.03
39.50, 0.00, -0.03
39.50, 0.00, -0.03
39.51, 0.00, -0.03
39.52, 0.00, -0.03
39.52, 0.00, -0.03
39.53, 0.00, -0.03
39.53, 0.00, -0.03
39.54, 0.00, -0.03
39.55, 0.00, -0.03
39.55, 0.00, -0.03
39.56, 0.00, -0.03
39.57, 0.00, -0.03
39.57, 0.00, -0.03
39.58, 0.00, -0.03
39.59, 0.00, -0.03
39.59, 0.00, -0.03
39.60, 0.00, -0.03
39.60, 0.00, -0.03
39.61, 0.00, -0.03
39.62, 0.00, -0.03
39.62, 0.00, -0.03
39.63, 0.00, -0.03
39.64, 0.00, -0.03
39.64, 0.00, -0.03
39.65, 0.00, -0.03
39.65, 0.00, -0.03
39.66, 0.00, -0.03
39.67, 0.00, -0.03
39.67, 0.00, -0.03
39.68, 0.00, -0.03
39.69, 0.00, -0.03
39.69, 0.00, -0.03
39.70, 0.00, -0.03
39.70, 0.00, -0.03
39.71, 0.00, -0.03
39.72, 0.00, -0.03
39.72, 0.00, -0.03
39.73, 0.00, -0.03
39.74, 0.00, -0.03
39.74, 0.00, -0.03
39.75, 0.00, -0.03
39.76, 0.00, -0.03
39.77, 0.00, -0.03
39.77, 0.00, -0.03
39.78, 0.00, -0.03
39.79, 0.00, -0.03
39.79, 0.00, -0.03
39.80, 0.00, -0.03
39.80, 0.00, -0.03
39.81, 0.00, -0.03
39.82, 0.00, -0.03
39.82, 0.00, -0.03
39.83, 0.00, -0.03
39.84, 0.00, -0.03
39.84, 0.00, -0.03
39.85, 0.00, -0.03
39.85, 0.00, -0.03
39.86, 0.00, -0.03
39.87, 0.00, -0.03
39.87, 0.00, -0.03
39.88, 0.00, -0.03
39.89, 0.00, -0.03
39.89, 0.00, -0.03
39.90, 0.00, -0.03
39.90, 0.00, -0.03
39.91, 0.00, -0.03
39.92, 0.00, -0.03
39.92, 0.00, -0.03
39.93, 0.00, -0.03
39.94, 0.00, -0.03
39.94, 0.00, -0.03
39.95, 0.00, -0.03
39.95, 0.00, -0.03
39.96, 0.00, -0.02
39.97, 0.00, -0.02
39.97, 0.00, -0.02
39.98, 0.00, -0.02
39.99, 0.00, -0.02
39.99, 0.00, -0.02
40.00, 0.00, -0.02
40.00, 0.00, -0.02
40.01, 0.00, -0.02
40.02, 0.00, -0.02
40.02, 0.00, -0.02
40.03, 0.00, -0.02
40.04, 0.00, -0.02
40.04, 0.00, -0.02
40.05, 0.00, -0.02
40.05, 0.00, -0.02
40.06, 0.00, -0.02
40.07, 0.00, -0.02
40.07, 0.00, -0.02
40.08, 0.00, -0.02
40.09, 0.00, -0.02
40.09, 0.00, -0.02
40.10, 0.00, -0.02
40.10, 0.00, -0.02
40.11, 0.00, -0.02
40.12, 0.00, -0.02
40.12, 0.00, -0.02
40.13, 0.00, -0.02
40.14, 0.00, -0.02
40.14, 0.00, -0.02
40.15, 0.00, -0.02
40.15, 0.00, -0.02
40.16, 0.00, -0.02
40.17, 0.00, -0.02
40.17, 0.00, -0.02
40.18, 0.00, -0.02
40.19, 0.00, -0.02
40.19, 0.00, -0.02
40.20, 0.00, -0.02
40.20, 0.00, -0.02
40.21, 0.00, -0.02
40.22, 0.00, -0.02
40.22, 0.00, -0.02
40.23, 0.00, -0.02
40.24, 0.00, -0.02
40.24, 0.00, -0.02
40.25, 0.00, -0.02
40.25, 0.00, -0.02
40.26, 0.00, -0.02
40.27, 0.00, -0.02
40.27, 0.00, -0.02
40.28, 0.00, -0.02
40.29, 0.00, -0.01
40.29, 0.00, -0.01
40.30, 0.00, -0.01
40.30, 0.00, -0.01
40.31, 0.00, -0.01
40.32, 0.00, -0.01
40.32, 0.00, -0.01
40.33, 0.00, -0.01
40.34, 0.00, -0.01
40.34, 0.00, -0.01
40.35, 0.00, -0.01
40.35, 0.00, -0.01
40.36, 0.00, -0.01
40.37, 0.00, -0.01
40.37, 0.00, -0.01
40.38, 0.00, -0.01
40.39, 0.00, -0.01
40.39, 0.00, -0.00
40.40, 0.00, -0.00
40.40, 0.00, -0.00
40.41, 0.00, -0.00
40.42, 0.00, -0.00
40.43, 0.00, -0.00
40.44, 0.00, -0.00
40.44, 0.00, -0.00
40.45, 0.00, -0.00
40.45, 0.00, -0.00
40.46, 0.00, -0.00
40.47, 0.00, -0.00
40.47, 0.00, -0.00
40.48, 0.00, -0.00
40.49, 0.00, -0.00
40.49, 0.00, -0.00
40.50, 0.00, -0.00
40.50, 0.00, -0.00
40.51, 0.00, -0.00
40.52, 0.00, -0.00
40.52, 0.00, -0.00
40.53, 0.00, -0.00
40.54, 0.00, -0.00
40.54, 0.00, -0.00
40.55, 0.00, -0.00
40.55, 0.00, -0.00
40.56, 0.00, -0.00
40.57, 0.00, -0.00
40.57, 0.00, -0.00
40.58, 0.00, -0.00
40.59, 0.00, -0.00
40.59, 0.00, -0.00
40.60, 0.00, -0.00
40.60, 0.00, -0.00
40.61, 0.00, -0.00
40.62, 0.00, -0.00
40.62, 0.00, -0.00
40.63, 0.00, -0.00
40.64, 0.00, -0.00
40.64, 0.00, -0.00
40.65, 0.00, -0.00
40.65, 0.00, -0.00
40.66, 0.00, -0.00
40.67, 0.00, -0.00
40.67, 0.00, -0.00
40.68, 0.00, -0.00
